Date,Commits,Forks,Watchers,Stars,Size
2009-08-30,4,0,,0,
2009-08-31,4,0,,0,
2009-09-01,4,0,,0,
2009-09-02,4,0,,0,
2009-09-03,4,0,,0,
2009-09-04,4,0,,0,
2009-09-05,4,0,,0,
2009-09-06,4,0,,0,
2009-09-07,4,0,,0,
2009-09-08,4,0,,0,
2009-09-09,4,0,,0,
2009-09-10,4,0,,0,
2009-09-11,4,0,,0,
2009-09-12,4,0,,0,
2009-09-13,4,0,,0,
2009-09-14,4,0,,0,
2009-09-15,4,0,,0,
2009-09-16,6,0,,0,
2009-09-17,6,0,,0,
2009-09-18,6,0,,0,
2009-09-19,6,0,,0,
2009-09-20,6,0,,0,
2009-09-21,6,0,,0,
2009-09-22,6,0,,0,
2009-09-23,6,0,,0,
2009-09-24,8,0,,0,
2009-09-25,8,0,,0,
2009-09-26,8,0,,0,
2009-09-27,8,0,,0,
2009-09-28,8,0,,0,
2009-09-29,8,0,,0,
2009-09-30,8,0,,0,
2009-10-01,8,0,,0,
2009-10-02,10,0,,0,
2009-10-03,14,0,,0,
2009-10-04,16,0,,0,
2009-10-05,16,0,,0,
2009-10-06,16,0,,0,
2009-10-07,16,0,,0,
2009-10-08,16,0,,0,
2009-10-09,16,0,,0,
2009-10-10,16,0,,0,
2009-10-11,16,0,,0,
2009-10-12,16,0,,0,
2009-10-13,16,0,,0,
2009-10-14,16,0,,0,
2009-10-15,16,0,,0,
2009-10-16,16,0,,0,
2009-10-17,16,0,,0,
2009-10-18,16,0,,0,
2009-10-19,16,0,,0,
2009-10-20,16,0,,0,
2009-10-21,18,0,,0,
2009-10-22,18,0,,0,
2009-10-23,18,0,,0,
2009-10-24,20,0,,0,
2009-10-25,22,0,,0,
2009-10-26,22,0,,0,
2009-10-27,22,0,,0,
2009-10-28,22,0,,0,
2009-10-29,28,0,,0,
2009-10-30,32,0,,0,
2009-10-31,36,0,,0,
2009-11-01,38,0,,0,
2009-11-02,38,0,,0,
2009-11-03,38,0,,0,
2009-11-04,40,0,,0,
2009-11-05,42,0,,0,
2009-11-06,46,0,,0,
2009-11-07,50,0,,0,
2009-11-08,52,0,,0,
2009-11-09,52,0,,0,
2009-11-10,52,0,,0,
2009-11-11,52,0,,0,
2009-11-12,52,0,,0,
2009-11-13,54,0,,0,
2009-11-14,56,0,,0,
2009-11-15,56,0,,0,
2009-11-16,56,0,,0,
2009-11-17,56,0,,0,
2009-11-18,58,0,,0,
2009-11-19,58,0,,0,
2009-11-20,58,0,,0,
2009-11-21,58,0,,0,
2009-11-22,58,0,,0,
2009-11-23,58,0,,0,
2009-11-24,60,0,,0,
2009-11-25,60,0,,0,
2009-11-26,60,0,,0,
2009-11-27,60,0,,0,
2009-11-28,60,0,,0,
2009-11-29,60,0,,0,
2009-11-30,60,0,,0,
2009-12-01,60,0,,0,
2009-12-02,60,0,,0,
2009-12-03,60,0,,0,
2009-12-04,60,0,,0,
2009-12-05,60,0,,0,
2009-12-06,64,0,,0,
2009-12-07,64,0,,0,
2009-12-08,64,0,,0,
2009-12-09,64,0,,0,
2009-12-10,64,0,,0,
2009-12-11,68,0,,0,
2009-12-12,68,0,,0,
2009-12-13,74,0,,0,
2009-12-14,76,0,,0,
2009-12-15,76,0,,0,
2009-12-16,76,0,,0,
2009-12-17,80,0,,0,
2009-12-18,80,0,,0,
2009-12-19,80,0,,0,
2009-12-20,80,0,,0,
2009-12-21,80,0,,0,
2009-12-22,80,0,,0,
2009-12-23,80,0,,0,
2009-12-24,80,0,,0,
2009-12-25,80,0,,0,
2009-12-26,80,0,,0,
2009-12-27,80,0,,0,
2009-12-28,80,0,,0,
2009-12-29,80,0,,0,
2009-12-30,80,0,,0,
2009-12-31,80,0,,0,
2010-01-01,80,0,,0,
2010-01-02,80,0,,0,
2010-01-03,80,0,,0,
2010-01-04,80,0,,0,
2010-01-05,80,0,,0,
2010-01-06,80,0,,0,
2010-01-07,80,0,,0,
2010-01-08,80,0,,0,
2010-01-09,80,0,,0,
2010-01-10,80,0,,0,
2010-01-11,80,0,,0,
2010-01-12,80,0,,0,
2010-01-13,80,0,,0,
2010-01-14,80,0,,0,
2010-01-15,80,0,,0,
2010-01-16,80,0,,0,
2010-01-17,80,0,,0,
2010-01-18,80,0,,0,
2010-01-19,80,0,,0,
2010-01-20,80,0,,0,
2010-01-21,80,0,,0,
2010-01-22,80,0,,0,
2010-01-23,80,0,,0,
2010-01-24,80,0,,0,
2010-01-25,80,0,,0,
2010-01-26,80,0,,0,
2010-01-27,80,0,,0,
2010-01-28,84,0,,0,
2010-01-29,84,0,,0,
2010-01-30,84,0,,0,
2010-01-31,84,0,,0,
2010-02-01,84,0,,0,
2010-02-02,84,0,,0,
2010-02-03,86,0,,0,
2010-02-04,88,0,,0,
2010-02-05,88,0,,0,
2010-02-06,88,0,,0,
2010-02-07,88,0,,0,
2010-02-08,88,0,,0,
2010-02-09,88,0,,0,
2010-02-10,94,0,,0,
2010-02-11,94,0,,0,
2010-02-12,96,0,,0,
2010-02-13,98,0,,0,
2010-02-14,102,0,,0,
2010-02-15,106,0,,0,
2010-02-16,106,0,,0,
2010-02-17,110,0,,0,
2010-02-18,110,0,,0,
2010-02-19,110,0,,0,
2010-02-20,112,0,,0,
2010-02-21,114,0,,0,
2010-02-22,114,0,,0,
2010-02-23,116,0,,0,
2010-02-24,116,0,,0,
2010-02-25,118,0,,0,
2010-02-26,120,0,,0,
2010-02-27,120,0,,0,
2010-02-28,122,0,,0,
2010-03-01,122,0,,0,
2010-03-02,122,0,,0,
2010-03-03,122,0,,0,
2010-03-04,122,0,,0,
2010-03-05,126,0,,0,
2010-03-06,126,0,,0,
2010-03-07,126,0,,0,
2010-03-08,126,0,,0,
2010-03-09,126,0,,0,
2010-03-10,126,0,,0,
2010-03-11,126,0,,0,
2010-03-12,126,0,,0,
2010-03-13,126,0,,0,
2010-03-14,126,0,,0,
2010-03-15,126,0,,0,
2010-03-16,126,0,,0,
2010-03-17,126,0,,0,
2010-03-18,126,0,,0,
2010-03-19,126,0,,0,
2010-03-20,126,0,,0,
2010-03-21,126,0,,0,
2010-03-22,126,0,,0,
2010-03-23,126,0,,0,
2010-03-24,126,0,,0,
2010-03-25,126,0,,0,
2010-03-26,126,0,,0,
2010-03-27,126,0,,0,
2010-03-28,126,0,,0,
2010-03-29,126,0,,0,
2010-03-30,126,0,,0,
2010-03-31,126,0,,0,
2010-04-01,126,0,,0,
2010-04-02,126,0,,0,
2010-04-03,126,0,,0,
2010-04-04,126,0,,0,
2010-04-05,126,0,,0,
2010-04-06,126,0,,0,
2010-04-07,126,0,,0,
2010-04-08,126,0,,0,
2010-04-09,126,0,,0,
2010-04-10,126,0,,0,
2010-04-11,126,0,,0,
2010-04-12,126,0,,0,
2010-04-13,126,0,,0,
2010-04-14,126,0,,0,
2010-04-15,126,0,,0,
2010-04-16,126,0,,0,
2010-04-17,126,0,,0,
2010-04-18,126,0,,0,
2010-04-19,126,0,,0,
2010-04-20,126,0,,0,
2010-04-21,126,0,,0,
2010-04-22,126,0,,0,
2010-04-23,126,0,,0,
2010-04-24,126,0,,0,
2010-04-25,126,0,,0,
2010-04-26,126,0,,0,
2010-04-27,126,0,,0,
2010-04-28,126,0,,0,
2010-04-29,126,0,,0,
2010-04-30,126,0,,0,
2010-05-01,126,0,,0,
2010-05-02,126,0,,0,
2010-05-03,126,0,,0,
2010-05-04,126,0,,0,
2010-05-05,126,0,,0,
2010-05-06,126,0,,0,
2010-05-07,126,0,,0,
2010-05-08,126,0,,0,
2010-05-09,126,0,,0,
2010-05-10,126,0,,0,
2010-05-11,126,0,,0,
2010-05-12,126,0,,0,
2010-05-13,126,0,,0,
2010-05-14,126,0,,0,
2010-05-15,126,0,,0,
2010-05-16,126,0,,0,
2010-05-17,126,0,,0,
2010-05-18,126,0,,0,
2010-05-19,128,0,,0,
2010-05-20,128,0,,0,
2010-05-21,128,0,,0,
2010-05-22,128,0,,0,
2010-05-23,128,0,,0,
2010-05-24,128,0,,0,
2010-05-25,130,0,,0,
2010-05-26,132,0,,0,
2010-05-27,134,0,,0,
2010-05-28,134,0,,0,
2010-05-29,134,0,,0,
2010-05-30,134,0,,0,
2010-05-31,134,0,,0,
2010-06-01,134,0,,0,
2010-06-02,136,0,,0,
2010-06-03,136,0,,0,
2010-06-04,136,0,,0,
2010-06-05,136,0,,0,
2010-06-06,136,0,,0,
2010-06-07,136,0,,0,
2010-06-08,136,0,,0,
2010-06-09,136,0,,0,
2010-06-10,138,0,,0,
2010-06-11,138,0,,0,
2010-06-12,138,0,,0,
2010-06-13,138,0,,0,
2010-06-14,140,0,,0,
2010-06-15,142,0,,0,
2010-06-16,144,0,,0,
2010-06-17,144,0,,0,
2010-06-18,146,0,,0,
2010-06-19,146,0,,0,
2010-06-20,146,0,,0,
2010-06-21,152,0,,0,
2010-06-22,158,0,,0,
2010-06-23,160,0,,0,
2010-06-24,162,0,,0,
2010-06-25,162,0,,0,
2010-06-26,166,0,,0,
2010-06-27,166,0,,0,
2010-06-28,166,0,,0,
2010-06-29,166,0,,0,
2010-06-30,166,0,,0,
2010-07-01,166,0,,0,
2010-07-02,168,0,,0,
2010-07-03,168,0,,0,
2010-07-04,170,0,,0,
2010-07-05,170,0,,0,
2010-07-06,170,0,,0,
2010-07-07,170,0,,0,
2010-07-08,174,0,,0,
2010-07-09,178,0,,0,
2010-07-10,178,0,,0,
2010-07-11,178,0,,0,
2010-07-12,178,0,,0,
2010-07-13,178,0,,0,
2010-07-14,179,0,,0,
2010-07-15,182,0,,0,
2010-07-16,183,0,,0,
2010-07-17,184,0,,0,
2010-07-18,185,0,,0,
2010-07-19,190,0,,0,
2010-07-20,190,0,,0,
2010-07-21,190,0,,0,
2010-07-22,190,0,,0,
2010-07-23,191,0,,0,
2010-07-24,191,0,,0,
2010-07-25,194,0,,0,
2010-07-26,198,0,,0,
2010-07-27,204,0,,0,
2010-07-28,206,0,,0,
2010-07-29,208,0,,0,
2010-07-30,213,0,,0,
2010-07-31,216,0,,0,
2010-08-01,216,0,,0,
2010-08-02,216,0,,0,
2010-08-03,217,0,,0,
2010-08-04,219,0,,0,
2010-08-05,219,0,,0,
2010-08-06,219,0,,0,
2010-08-07,219,0,,0,
2010-08-08,219,0,,0,
2010-08-09,221,0,,0,
2010-08-10,227,0,,0,
2010-08-11,228,0,,0,
2010-08-12,233,0,,0,
2010-08-13,234,0,,0,
2010-08-14,234,0,,0,
2010-08-15,241,0,,0,
2010-08-16,252,0,,0,
2010-08-17,252,0,,0,
2010-08-18,252,0,,0,
2010-08-19,253,0,,0,
2010-08-20,254,0,,0,
2010-08-21,254,0,,0,
2010-08-22,254,0,,0,
2010-08-23,254,0,,0,
2010-08-24,254,0,,0,
2010-08-25,258,0,,0,
2010-08-26,258,0,,0,
2010-08-27,258,0,,0,
2010-08-28,264,0,,0,
2010-08-29,265,0,,0,
2010-08-30,265,0,,0,
2010-08-31,265,0,,0,
2010-09-01,265,0,,0,
2010-09-02,266,0,,0,
2010-09-03,266,0,,0,
2010-09-04,266,0,,0,
2010-09-05,266,0,,0,
2010-09-06,268,0,,0,
2010-09-07,271,0,,0,
2010-09-08,273,0,,0,
2010-09-09,276,0,,0,
2010-09-10,281,0,,0,
2010-09-11,281,0,,0,
2010-09-12,283,0,,0,
2010-09-13,286,0,,0,
2010-09-14,286,0,,0,
2010-09-15,289,0,,0,
2010-09-16,290,0,,0,
2010-09-17,290,0,,0,
2010-09-18,290,0,,0,
2010-09-19,293,0,,0,
2010-09-20,293,0,,0,
2010-09-21,293,0,,0,
2010-09-22,293,0,,0,
2010-09-23,299,0,,0,
2010-09-24,299,0,,0,
2010-09-25,299,0,,0,
2010-09-26,299,0,,0,
2010-09-27,299,0,,0,
2010-09-28,299,0,,0,
2010-09-29,299,0,,0,
2010-09-30,302,0,,0,
2010-10-01,303,0,,0,
2010-10-02,303,0,,0,
2010-10-03,303,0,,0,
2010-10-04,304,0,,0,
2010-10-05,305,0,,0,
2010-10-06,308,0,,0,
2010-10-07,309,0,,0,
2010-10-08,309,0,,0,
2010-10-09,311,0,,0,
2010-10-10,311,0,,0,
2010-10-11,315,0,,0,
2010-10-12,315,0,,0,
2010-10-13,315,0,,0,
2010-10-14,317,0,,0,
2010-10-15,317,0,,0,
2010-10-16,317,0,,0,
2010-10-17,317,0,,0,
2010-10-18,317,0,,0,
2010-10-19,320,0,,0,
2010-10-20,323,0,,0,
2010-10-21,324,0,,0,
2010-10-22,326,0,,0,
2010-10-23,327,0,,0,
2010-10-24,328,0,,0,
2010-10-25,328,0,,0,
2010-10-26,328,0,,0,
2010-10-27,328,0,,0,
2010-10-28,328,0,,0,
2010-10-29,328,0,,0,
2010-10-30,328,0,,0,
2010-10-31,328,0,,0,
2010-11-01,328,0,,0,
2010-11-02,328,0,,0,
2010-11-03,329,0,,0,
2010-11-04,331,0,,0,
2010-11-05,331,0,,0,
2010-11-06,331,0,,0,
2010-11-07,331,0,,0,
2010-11-08,333,0,,0,
2010-11-09,335,0,,0,
2010-11-10,337,0,,0,
2010-11-11,337,0,,0,
2010-11-12,337,0,,0,
2010-11-13,337,0,,0,
2010-11-14,338,0,,0,
2010-11-15,339,0,,0,
2010-11-16,342,0,,0,
2010-11-17,342,0,,0,
2010-11-18,344,0,,0,
2010-11-19,346,0,,0,
2010-11-20,347,0,,0,
2010-11-21,349,0,,0,
2010-11-22,352,0,,0,
2010-11-23,354,0,,0,
2010-11-24,354,0,,0,
2010-11-25,356,0,,0,
2010-11-26,356,0,,0,
2010-11-27,357,0,,0,
2010-11-28,358,0,,0,
2010-11-29,358,0,,0,
2010-11-30,359,0,,0,
2010-12-01,360,0,,0,
2010-12-02,360,0,,0,
2010-12-03,361,0,,0,
2010-12-04,361,0,,0,
2010-12-05,362,0,,0,
2010-12-06,364,0,,0,
2010-12-07,365,0,,0,
2010-12-08,366,0,,0,
2010-12-09,367,0,,0,
2010-12-10,367,0,,0,
2010-12-11,367,0,,0,
2010-12-12,370,0,,0,
2010-12-13,372,0,,0,
2010-12-14,372,0,,0,
2010-12-15,373,0,,0,
2010-12-16,377,0,,0,
2010-12-17,379,0,,0,
2010-12-18,379,0,,0,
2010-12-19,380,0,,0,
2010-12-20,382,0,,0,
2010-12-21,383,0,,0,
2010-12-22,384,0,,0,
2010-12-23,384,0,,0,
2010-12-24,385,0,,0,
2010-12-25,385,0,,0,
2010-12-26,385,0,,0,
2010-12-27,385,0,,0,
2010-12-28,385,0,,0,
2010-12-29,385,0,,0,
2010-12-30,385,0,,0,
2010-12-31,385,0,,0,
2011-01-01,385,0,,0,
2011-01-02,385,0,,0,
2011-01-03,386,0,,0,
2011-01-04,386,0,,0,
2011-01-05,387,0,,0,
2011-01-06,388,0,,0,
2011-01-07,389,0,,0,
2011-01-08,389,0,,0,
2011-01-09,389,0,,0,
2011-01-10,390,0,,0,
2011-01-11,390,0,,0,
2011-01-12,390,0,,0,
2011-01-13,390,0,,0,
2011-01-14,392,0,,0,
2011-01-15,392,0,,0,
2011-01-16,392,0,,0,
2011-01-17,392,0,,0,
2011-01-18,396,0,,0,
2011-01-19,399,0,,0,
2011-01-20,412,0,,0,
2011-01-21,418,0,,0,
2011-01-22,419,0,,0,
2011-01-23,420,0,,0,
2011-01-24,422,0,,0,
2011-01-25,424,0,,0,
2011-01-26,424,0,,0,
2011-01-27,424,0,,0,
2011-01-28,424,0,,0,
2011-01-29,424,0,,0,
2011-01-30,424,0,,0,
2011-01-31,427,0,,0,
2011-02-01,428,0,,0,
2011-02-02,428,0,,0,
2011-02-03,429,0,,0,
2011-02-04,429,0,,0,
2011-02-05,429,0,,0,
2011-02-06,429,0,,0,
2011-02-07,430,0,,0,
2011-02-08,430,0,,0,
2011-02-09,430,0,,0,
2011-02-10,431,0,,0,
2011-02-11,432,0,,0,
2011-02-12,432,0,,0,
2011-02-13,432,0,,0,
2011-02-14,433,0,,0,
2011-02-15,433,0,,0,
2011-02-16,435,0,,0,
2011-02-17,436,0,,0,
2011-02-18,439,0,,0,
2011-02-19,439,0,,0,
2011-02-20,439,0,,0,
2011-02-21,439,0,,0,
2011-02-22,441,0,,0,
2011-02-23,448,0,,0,
2011-02-24,448,0,,0,
2011-02-25,454,0,,0,
2011-02-26,456,0,,0,
2011-02-27,456,0,,0,
2011-02-28,458,0,,0,
2011-03-01,459,0,,0,
2011-03-02,461,0,,0,
2011-03-03,466,0,,0,
2011-03-04,466,0,,0,
2011-03-05,471,0,,0,
2011-03-06,471,0,,0,
2011-03-07,471,0,,0,
2011-03-08,471,0,,0,
2011-03-09,475,0,,0,
2011-03-10,479,0,,0,
2011-03-11,479,0,,0,
2011-03-12,479,0,,0,
2011-03-13,488,0,,0,
2011-03-14,489,0,,0,
2011-03-15,489,0,,0,
2011-03-16,491,0,,0,
2011-03-17,492,0,,0,
2011-03-18,493,0,,0,
2011-03-19,493,0,,0,
2011-03-20,493,0,,0,
2011-03-21,494,0,,0,
2011-03-22,494,0,,0,
2011-03-23,499,0,,0,
2011-03-24,499,0,,0,
2011-03-25,500,0,,0,
2011-03-26,500,0,,0,
2011-03-27,500,0,,0,
2011-03-28,500,0,,0,
2011-03-29,500,0,,0,
2011-03-30,501,0,,0,
2011-03-31,501,0,,0,
2011-04-01,502,0,,0,
2011-04-02,502,0,,0,
2011-04-03,503,0,,0,
2011-04-04,503,0,,0,
2011-04-05,506,0,,0,
2011-04-06,508,0,,0,
2011-04-07,508,0,,0,
2011-04-08,508,0,,0,
2011-04-09,510,0,,0,
2011-04-10,510,0,,0,
2011-04-11,510,0,,0,
2011-04-12,517,0,,0,
2011-04-13,520,0,,0,
2011-04-14,521,0,,0,
2011-04-15,528,0,,0,
2011-04-16,529,0,,0,
2011-04-17,529,0,,0,
2011-04-18,532,0,,0,
2011-04-19,533,0,,0,
2011-04-20,538,0,,0,
2011-04-21,538,0,,0,
2011-04-22,540,0,,0,
2011-04-23,542,0,,0,
2011-04-24,542,0,,0,
2011-04-25,543,0,,0,
2011-04-26,543,0,,0,
2011-04-27,544,0,,0,
2011-04-28,546,0,,0,
2011-04-29,546,0,,0,
2011-04-30,546,0,,0,
2011-05-01,554,0,,0,
2011-05-02,554,0,,0,
2011-05-03,558,0,,0,
2011-05-04,558,0,,0,
2011-05-05,562,0,,0,
2011-05-06,567,0,,0,
2011-05-07,570,0,,0,
2011-05-08,572,0,,0,
2011-05-09,586,0,,0,
2011-05-10,590,0,,0,
2011-05-11,594,0,,0,
2011-05-12,606,0,,0,
2011-05-13,610,0,,0,
2011-05-14,619,0,,0,
2011-05-15,627,0,,0,
2011-05-16,634,0,,0,
2011-05-17,643,0,,0,
2011-05-18,649,0,,0,
2011-05-19,649,0,,0,
2011-05-20,649,0,,0,
2011-05-21,654,0,,0,
2011-05-22,659,0,,0,
2011-05-23,659,0,,0,
2011-05-24,668,0,,0,
2011-05-25,673,0,,0,
2011-05-26,683,0,,0,
2011-05-27,696,0,,0,
2011-05-28,701,0,,0,
2011-05-29,702,0,,0,
2011-05-30,703,0,,0,
2011-05-31,704,0,,0,
2011-06-01,714,0,,0,
2011-06-02,720,0,,0,
2011-06-03,726,0,,0,
2011-06-04,729,0,,0,
2011-06-05,747,0,,0,
2011-06-06,750,0,,0,
2011-06-07,752,0,,0,
2011-06-08,752,0,,0,
2011-06-09,754,0,,0,
2011-06-10,763,0,,0,
2011-06-11,774,0,,0,
2011-06-12,782,0,,0,
2011-06-13,788,0,,0,
2011-06-14,797,0,,0,
2011-06-15,802,0,,0,
2011-06-16,804,0,,0,
2011-06-17,809,0,,0,
2011-06-18,818,0,,0,
2011-06-19,821,0,,0,
2011-06-20,829,0,,0,
2011-06-21,836,0,,0,
2011-06-22,837,0,,0,
2011-06-23,838,0,,0,
2011-06-24,843,0,,0,
2011-06-25,849,0,,0,
2011-06-26,857,0,,0,
2011-06-27,861,0,,0,
2011-06-28,865,0,,0,
2011-06-29,869,0,,0,
2011-06-30,880,0,,0,
2011-07-01,895,0,,0,
2011-07-02,912,0,,0,
2011-07-03,918,0,,0,
2011-07-04,923,0,,0,
2011-07-05,932,0,,0,
2011-07-06,935,0,,0,
2011-07-07,950,0,,0,
2011-07-08,961,0,,0,
2011-07-09,971,0,,0,
2011-07-10,972,0,,0,
2011-07-11,977,0,,0,
2011-07-12,978,0,,0,
2011-07-13,1012,0,,0,
2011-07-14,1027,0,,0,
2011-07-15,1037,0,,0,
2011-07-16,1044,0,,0,
2011-07-17,1053,0,,0,
2011-07-18,1063,0,,0,
2011-07-19,1063,0,,0,
2011-07-20,1063,0,,0,
2011-07-21,1064,0,,0,
2011-07-22,1070,0,,0,
2011-07-23,1070,0,,0,
2011-07-24,1080,0,,0,
2011-07-25,1084,0,,0,
2011-07-26,1098,0,,0,
2011-07-27,1103,0,,0,
2011-07-28,1103,0,,0,
2011-07-29,1107,0,,0,
2011-07-30,1113,0,,0,
2011-07-31,1119,0,,0,
2011-08-01,1121,0,,0,
2011-08-02,1124,0,,0,
2011-08-03,1131,0,,0,
2011-08-04,1139,0,,0,
2011-08-05,1142,0,,0,
2011-08-06,1144,0,,0,
2011-08-07,1149,0,,0,
2011-08-08,1160,0,,0,
2011-08-09,1162,0,,0,
2011-08-10,1162,0,,0,
2011-08-11,1172,0,,0,
2011-08-12,1173,0,,0,
2011-08-13,1173,0,,0,
2011-08-14,1173,0,,0,
2011-08-15,1173,0,,0,
2011-08-16,1180,0,,0,
2011-08-17,1182,0,,0,
2011-08-18,1182,0,,0,
2011-08-19,1188,0,,0,
2011-08-20,1188,0,,0,
2011-08-21,1189,0,,0,
2011-08-22,1190,0,,0,
2011-08-23,1195,0,,0,
2011-08-24,1196,0,,0,
2011-08-25,1197,0,,0,
2011-08-26,1198,0,,0,
2011-08-27,1198,0,,0,
2011-08-28,1199,0,,0,
2011-08-29,1199,0,,0,
2011-08-30,1199,0,,0,
2011-08-31,1212,0,,0,
2011-09-01,1220,0,,0,
2011-09-02,1234,0,,0,
2011-09-03,1239,0,,0,
2011-09-04,1239,0,,0,
2011-09-05,1240,0,,0,
2011-09-06,1260,0,,0,
2011-09-07,1266,0,,0,
2011-09-08,1267,0,,0,
2011-09-09,1272,0,,0,
2011-09-10,1272,0,,0,
2011-09-11,1279,0,,0,
2011-09-12,1281,0,,0,
2011-09-13,1283,0,,0,
2011-09-14,1285,0,,0,
2011-09-15,1285,0,,0,
2011-09-16,1286,0,,0,
2011-09-17,1290,0,,0,
2011-09-18,1293,0,,0,
2011-09-19,1296,0,,0,
2011-09-20,1297,0,,0,
2011-09-21,1301,0,,0,
2011-09-22,1310,0,,0,
2011-09-23,1314,0,,0,
2011-09-24,1316,0,,0,
2011-09-25,1316,0,,0,
2011-09-26,1327,0,,0,
2011-09-27,1341,0,,0,
2011-09-28,1349,0,,0,
2011-09-29,1355,0,,0,
2011-09-30,1360,0,,0,
2011-10-01,1366,0,,0,
2011-10-02,1368,0,,0,
2011-10-03,1372,0,,0,
2011-10-04,1377,0,,0,
2011-10-05,1388,0,,0,
2011-10-06,1392,0,,0,
2011-10-07,1394,0,,0,
2011-10-08,1396,0,,0,
2011-10-09,1409,0,,0,
2011-10-10,1416,0,,0,
2011-10-11,1417,0,,0,
2011-10-12,1417,0,,0,
2011-10-13,1417,0,,0,
2011-10-14,1418,0,,0,
2011-10-15,1419,0,,0,
2011-10-16,1419,0,,0,
2011-10-17,1420,0,,0,
2011-10-18,1421,0,,0,
2011-10-19,1421,0,,0,
2011-10-20,1421,0,,0,
2011-10-21,1421,0,,0,
2011-10-22,1422,0,,0,
2011-10-23,1425,0,,0,
2011-10-24,1428,0,,0,
2011-10-25,1445,0,,0,
2011-10-26,1445,0,,0,
2011-10-27,1445,0,,0,
2011-10-28,1445,0,,0,
2011-10-29,1446,0,,0,
2011-10-30,1446,0,,0,
2011-10-31,1447,0,,0,
2011-11-01,1452,0,,0,
2011-11-02,1456,0,,0,
2011-11-03,1459,0,,0,
2011-11-04,1463,0,,0,
2011-11-05,1463,0,,0,
2011-11-06,1465,0,,0,
2011-11-07,1467,0,,0,
2011-11-08,1476,0,,0,
2011-11-09,1478,0,,0,
2011-11-10,1485,0,,0,
2011-11-11,1487,0,,0,
2011-11-12,1488,0,,0,
2011-11-13,1492,0,,0,
2011-11-14,1495,0,,0,
2011-11-15,1502,0,,0,
2011-11-16,1502,0,,0,
2011-11-17,1504,0,,0,
2011-11-18,1504,0,,0,
2011-11-19,1504,0,,0,
2011-11-20,1508,0,,0,
2011-11-21,1520,0,,0,
2011-11-22,1522,0,,0,
2011-11-23,1522,0,,0,
2011-11-24,1527,0,,0,
2011-11-25,1527,0,,0,
2011-11-26,1530,0,,0,
2011-11-27,1531,0,,0,
2011-11-28,1531,0,,0,
2011-11-29,1531,0,,0,
2011-11-30,1531,0,,0,
2011-12-01,1538,0,,0,
2011-12-02,1541,0,,0,
2011-12-03,1541,0,,0,
2011-12-04,1543,0,,0,
2011-12-05,1545,0,,0,
2011-12-06,1545,0,,0,
2011-12-07,1546,0,,0,
2011-12-08,1546,0,,0,
2011-12-09,1549,0,,0,
2011-12-10,1550,0,,0,
2011-12-11,1550,0,,0,
2011-12-12,1555,0,,0,
2011-12-13,1560,0,,0,
2011-12-14,1562,0,,0,
2011-12-15,1562,0,,0,
2011-12-16,1571,0,,0,
2011-12-17,1577,0,,0,
2011-12-18,1577,0,,0,
2011-12-19,1596,0,,0,
2011-12-20,1609,0,,0,
2011-12-21,1610,0,,0,
2011-12-22,1612,0,,0,
2011-12-23,1625,0,,0,
2011-12-24,1625,0,,0,
2011-12-25,1629,0,,0,
2011-12-26,1629,0,,0,
2011-12-27,1632,0,,0,
2011-12-28,1633,0,,0,
2011-12-29,1633,0,,0,
2011-12-30,1633,0,,0,
2011-12-31,1633,0,,0,
2012-01-01,1633,0,,0,
2012-01-02,1634,0,,0,
2012-01-03,1645,0,,0,
2012-01-04,1645,0,,0,
2012-01-05,1649,0,,0,
2012-01-06,1651,0,,0,
2012-01-07,1653,0,,0,
2012-01-08,1653,0,,0,
2012-01-09,1659,0,,0,
2012-01-10,1662,0,,0,
2012-01-11,1662,0,,0,
2012-01-12,1664,0,,0,
2012-01-13,1675,0,,0,
2012-01-14,1677,0,,0,
2012-01-15,1680,0,,0,
2012-01-16,1681,0,,0,
2012-01-17,1686,0,,0,
2012-01-18,1687,0,,0,
2012-01-19,1693,0,,0,
2012-01-20,1694,0,,0,
2012-01-21,1696,0,,0,
2012-01-22,1696,0,,0,
2012-01-23,1706,0,,0,
2012-01-24,1706,0,,0,
2012-01-25,1709,0,,0,
2012-01-26,1711,0,,0,
2012-01-27,1712,0,,0,
2012-01-28,1713,0,,0,
2012-01-29,1713,0,,0,
2012-01-30,1713,0,,0,
2012-01-31,1716,0,,0,
2012-02-01,1719,0,,0,
2012-02-02,1719,0,,0,
2012-02-03,1719,0,,0,
2012-02-04,1719,0,,0,
2012-02-05,1722,0,,0,
2012-02-06,1730,0,,0,
2012-02-07,1740,0,,0,
2012-02-08,1740,0,,0,
2012-02-09,1741,0,,0,
2012-02-10,1747,0,,0,
2012-02-11,1756,0,,0,
2012-02-12,1759,0,,0,
2012-02-13,1759,0,,0,
2012-02-14,1759,0,,0,
2012-02-15,1768,0,,0,
2012-02-16,1775,0,,0,
2012-02-17,1789,0,,0,
2012-02-18,1797,0,,0,
2012-02-19,1805,0,,0,
2012-02-20,1814,0,,0,
2012-02-21,1815,0,,0,
2012-02-22,1826,0,,0,
2012-02-23,1830,0,,0,
2012-02-24,1831,0,,0,
2012-02-25,1837,0,,0,
2012-02-26,1843,0,,0,
2012-02-27,1849,0,,0,
2012-02-28,1853,0,,0,
2012-02-29,1856,0,,0,
2012-03-01,1857,0,,0,
2012-03-02,1857,0,,0,
2012-03-03,1859,0,,0,
2012-03-04,1859,0,,0,
2012-03-05,1861,0,,0,
2012-03-06,1861,0,,0,
2012-03-07,1861,0,,0,
2012-03-08,1861,0,,0,
2012-03-09,1861,0,,0,
2012-03-10,1862,0,,0,
2012-03-11,1863,0,,0,
2012-03-12,1867,0,,0,
2012-03-13,1868,0,,0,
2012-03-14,1869,0,,0,
2012-03-15,1870,0,,0,
2012-03-16,1878,0,,0,
2012-03-17,1879,0,,0,
2012-03-18,1881,0,,0,
2012-03-19,1888,0,,0,
2012-03-20,1894,0,,0,
2012-03-21,1908,0,,0,
2012-03-22,1919,0,,0,
2012-03-23,1920,0,,0,
2012-03-24,1920,0,,0,
2012-03-25,1924,0,,0,
2012-03-26,1942,0,,0,
2012-03-27,1944,0,,0,
2012-03-28,1944,0,,0,
2012-03-29,1954,0,,0,
2012-03-30,1955,0,,0,
2012-03-31,1956,0,,0,
2012-04-01,1957,0,,0,
2012-04-02,1971,0,,0,
2012-04-03,1977,0,,0,
2012-04-04,1997,0,,0,
2012-04-05,2012,0,,0,
2012-04-06,2022,0,,0,
2012-04-07,2022,0,,0,
2012-04-08,2025,0,,0,
2012-04-09,2028,0,,0,
2012-04-10,2033,0,,0,
2012-04-11,2041,0,,0,
2012-04-12,2054,0,,0,
2012-04-13,2062,0,,0,
2012-04-14,2069,0,,0,
2012-04-15,2093,0,,0,
2012-04-16,2095,0,,0,
2012-04-17,2117,0,,0,
2012-04-18,2121,0,,0,
2012-04-19,2122,0,,0,
2012-04-20,2127,0,,0,
2012-04-21,2137,0,,0,
2012-04-22,2142,0,,0,
2012-04-23,2147,0,,0,
2012-04-24,2148,0,,0,
2012-04-25,2151,0,,0,
2012-04-26,2160,0,,0,
2012-04-27,2164,0,,0,
2012-04-28,2164,0,,0,
2012-04-29,2167,0,,0,
2012-04-30,2170,0,,0,
2012-05-01,2185,0,,0,
2012-05-02,2186,0,,0,
2012-05-03,2190,0,,0,
2012-05-04,2201,0,,0,
2012-05-05,2222,0,,0,
2012-05-06,2231,0,,0,
2012-05-07,2236,0,,0,
2012-05-08,2248,0,,0,
2012-05-09,2282,0,,0,
2012-05-10,2287,0,,0,
2012-05-11,2322,0,,0,
2012-05-12,2350,0,,0,
2012-05-13,2375,0,,0,
2012-05-14,2390,0,,0,
2012-05-15,2397,0,,0,
2012-05-16,2404,0,,0,
2012-05-17,2430,0,,0,
2012-05-18,2448,0,,0,
2012-05-19,2456,0,,0,
2012-05-20,2473,0,,0,
2012-05-21,2481,0,,0,
2012-05-22,2497,0,,0,
2012-05-23,2504,0,,0,
2012-05-24,2516,0,,0,
2012-05-25,2529,0,,0,
2012-05-26,2531,0,,0,
2012-05-27,2532,0,,0,
2012-05-28,2535,0,,0,
2012-05-29,2536,0,,0,
2012-05-30,2537,0,,0,
2012-05-31,2544,0,,0,
2012-06-01,2546,0,,0,
2012-06-02,2550,0,,0,
2012-06-03,2551,0,,0,
2012-06-04,2560,0,,0,
2012-06-05,2565,0,,0,
2012-06-06,2565,0,,0,
2012-06-07,2567,0,,0,
2012-06-08,2571,0,,0,
2012-06-09,2573,0,,0,
2012-06-10,2573,0,,0,
2012-06-11,2575,0,,0,
2012-06-12,2585,0,,0,
2012-06-13,2595,0,,38,
2012-06-14,2608,0,,38,
2012-06-15,2612,0,,38,
2012-06-16,2612,0,,38,
2012-06-17,2619,0,,38,
2012-06-18,2628,0,,38,
2012-06-19,2632,0,,38,
2012-06-20,2638,0,,38,
2012-06-21,2643,0,,39,
2012-06-22,2657,0,,39,
2012-06-23,2658,0,,39,
2012-06-24,2667,0,,39,
2012-06-25,2674,0,,39,
2012-06-26,2675,0,,39,
2012-06-27,2683,0,,39,
2012-06-28,2689,0,,39,
2012-06-29,2695,0,,39,
2012-06-30,2700,0,,39,
2012-07-01,2703,0,,39,
2012-07-02,2708,0,,39,
2012-07-03,2710,0,,39,
2012-07-04,2721,0,,39,
2012-07-05,2731,0,,39,
2012-07-06,2736,0,,39,
2012-07-07,2746,0,,39,
2012-07-08,2748,0,,39,
2012-07-09,2749,0,,39,
2012-07-10,2750,0,,39,
2012-07-11,2762,0,,39,
2012-07-12,2768,0,,39,
2012-07-13,2776,0,,39,
2012-07-14,2779,0,,39,
2012-07-15,2779,0,,39,
2012-07-16,2785,0,,40,
2012-07-17,2796,0,,40,
2012-07-18,2805,0,,40,
2012-07-19,2807,0,,40,
2012-07-20,2808,0,,40,
2012-07-21,2811,0,,40,
2012-07-22,2813,0,,40,
2012-07-23,2818,0,,40,
2012-07-24,2819,0,,40,
2012-07-25,2821,0,,40,
2012-07-26,2831,0,,40,
2012-07-27,2834,0,,40,
2012-07-28,2835,0,,40,
2012-07-29,2835,0,,40,
2012-07-30,2835,0,,40,
2012-07-31,2836,0,,40,
2012-08-01,2851,0,,40,
2012-08-02,2856,0,,40,
2012-08-03,2859,0,,40,
2012-08-04,2859,0,,40,
2012-08-05,2859,0,,40,
2012-08-06,2860,0,,40,
2012-08-07,2867,0,,40,
2012-08-08,2868,0,,40,
2012-08-09,2870,0,,40,
2012-08-10,2870,0,,40,
2012-08-11,2870,0,,40,
2012-08-12,2871,0,,40,
2012-08-13,2873,0,,40,
2012-08-14,2876,0,,40,
2012-08-15,2876,0,,40,
2012-08-16,2877,0,,40,
2012-08-17,2885,0,,40,
2012-08-18,2889,0,,40,
2012-08-19,2889,0,,40,
2012-08-20,2901,0,,40,
2012-08-21,2917,0,,40,
2012-08-22,2925,0,,40,
2012-08-23,2945,0,,40,
2012-08-24,2954,0,,40,
2012-08-25,2959,0,,40,
2012-08-26,2960,0,,40,
2012-08-27,2974,0,,40,
2012-08-28,2983,0,,40,
2012-08-29,3001,0,,40,
2012-08-30,3006,0,,40,
2012-08-31,3008,0,,41,
2012-09-01,3014,0,,41,
2012-09-02,3018,0,,41,
2012-09-03,3022,0,,41,
2012-09-04,3027,0,,41,
2012-09-05,3041,0,,41,
2012-09-06,3048,0,,41,
2012-09-07,3056,0,,41,
2012-09-08,3061,0,,41,
2012-09-09,3070,0,,41,
2012-09-10,3073,0,,41,
2012-09-11,3075,0,,41,
2012-09-12,3080,0,,41,
2012-09-13,3080,0,,41,
2012-09-14,3080,0,,41,
2012-09-15,3082,0,,41,
2012-09-16,3082,0,,41,
2012-09-17,3083,0,,41,
2012-09-18,3092,1,,42,
2012-09-19,3092,1,,42,
2012-09-20,3095,1,,42,
2012-09-21,3103,1,,42,
2012-09-22,3112,1,,42,
2012-09-23,3114,1,,42,
2012-09-24,3119,1,,42,
2012-09-25,3127,1,,42,
2012-09-26,3128,1,,42,
2012-09-27,3131,1,,42,
2012-09-28,3135,1,,42,
2012-09-29,3142,1,,42,
2012-09-30,3146,1,,42,
2012-10-01,3155,1,,42,
2012-10-02,3156,1,,42,
2012-10-03,3157,2,,43,
2012-10-04,3166,2,,43,
2012-10-05,3170,2,,43,
2012-10-06,3170,2,,43,
2012-10-07,3176,2,,43,
2012-10-08,3185,2,,43,
2012-10-09,3191,2,,43,
2012-10-10,3191,2,,43,
2012-10-11,3196,2,,43,
2012-10-12,3202,2,,43,
2012-10-13,3203,2,,43,
2012-10-14,3207,3,,44,
2012-10-15,3208,3,,44,
2012-10-16,3208,3,,44,
2012-10-17,3208,3,,44,
2012-10-18,3208,3,,44,
2012-10-19,3210,3,,44,
2012-10-20,3242,3,,44,
2012-10-21,3253,3,,44,
2012-10-22,3260,4,,44,
2012-10-23,3262,4,,44,
2012-10-24,3266,4,,44,
2012-10-25,3280,4,,44,
2012-10-26,3280,4,,44,
2012-10-27,3280,4,,44,
2012-10-28,3282,4,,44,
2012-10-29,3296,4,,44,
2012-10-30,3297,4,,44,
2012-10-31,3299,4,,44,
2012-11-01,3303,4,,44,
2012-11-02,3305,4,,44,
2012-11-03,3308,4,,44,
2012-11-04,3313,5,,44,
2012-11-05,3316,5,,44,
2012-11-06,3316,5,,44,
2012-11-07,3316,5,,44,
2012-11-08,3318,5,,44,
2012-11-09,3330,5,,44,
2012-11-10,3338,5,,44,
2012-11-11,3346,6,,44,
2012-11-12,3346,6,,44,
2012-11-13,3353,6,,44,
2012-11-14,3356,6,,44,
2012-11-15,3361,7,,45,
2012-11-16,3373,7,,45,
2012-11-17,3376,7,,45,
2012-11-18,3377,8,,45,
2012-11-19,3377,8,,45,
2012-11-20,3377,8,,45,
2012-11-21,3380,8,,45,
2012-11-22,3383,8,,45,
2012-11-23,3383,8,,45,
2012-11-24,3385,8,,45,
2012-11-25,3386,8,,45,
2012-11-26,3388,8,,45,
2012-11-27,3392,8,,45,
2012-11-28,3395,8,,45,
2012-11-29,3397,8,,45,
2012-11-30,3399,8,,45,
2012-12-01,3403,8,,45,
2012-12-02,3404,8,,45,
2012-12-03,3412,8,,45,
2012-12-04,3416,8,,45,
2012-12-05,3421,8,,45,
2012-12-06,3426,8,,45,
2012-12-07,3428,8,,45,
2012-12-08,3428,8,,45,
2012-12-09,3428,8,,45,
2012-12-10,3429,8,,45,
2012-12-11,3429,8,,45,
2012-12-12,3447,8,,45,
2012-12-13,3451,8,,45,
2012-12-14,3452,8,,45,
2012-12-15,3454,8,,45,
2012-12-16,3456,8,,45,
2012-12-17,3457,8,,45,
2012-12-18,3459,8,,45,
2012-12-19,3462,8,,45,
2012-12-20,3463,8,,45,
2012-12-21,3464,8,,45,
2012-12-22,3465,8,,45,
2012-12-23,3465,8,,45,
2012-12-24,3465,8,,45,
2012-12-25,3465,8,,45,
2012-12-26,3466,8,,45,
2012-12-27,3466,8,,45,
2012-12-28,3467,8,,45,
2012-12-29,3467,8,,45,
2012-12-30,3467,8,,45,
2012-12-31,3469,8,,45,
2013-01-01,3472,8,,45,
2013-01-02,3473,8,,45,
2013-01-03,3475,8,,45,
2013-01-04,3479,8,,45,
2013-01-05,3485,8,,45,
2013-01-06,3493,8,,45,
2013-01-07,3493,8,,45,
2013-01-08,3498,8,,45,
2013-01-09,3501,8,,45,
2013-01-10,3503,8,,45,
2013-01-11,3508,8,,45,
2013-01-12,3508,8,,45,
2013-01-13,3510,8,,45,
2013-01-14,3520,8,,45,
2013-01-15,3522,8,,45,
2013-01-16,3540,8,,45,
2013-01-17,3542,8,,45,
2013-01-18,3551,8,,45,
2013-01-19,3555,8,,45,
2013-01-20,3557,8,,45,
2013-01-21,3561,8,,45,
2013-01-22,3562,8,,45,
2013-01-23,3577,8,,45,
2013-01-24,3579,8,,45,
2013-01-25,3581,8,,46,
2013-01-26,3589,8,,46,
2013-01-27,3594,8,,46,
2013-01-28,3598,8,,46,
2013-01-29,3599,8,,46,
2013-01-30,3625,8,,46,
2013-01-31,3627,8,,46,
2013-02-01,3634,8,,46,
2013-02-02,3635,8,,46,
2013-02-03,3635,8,,46,
2013-02-04,3638,9,,46,
2013-02-05,3643,9,,46,
2013-02-06,3648,9,,46,
2013-02-07,3650,9,,46,
2013-02-08,3650,9,,46,
2013-02-09,3651,9,,46,
2013-02-10,3654,9,,47,
2013-02-11,3656,10,,47,
2013-02-12,3658,10,,47,
2013-02-13,3658,10,,47,
2013-02-14,3659,10,,48,
2013-02-15,3659,10,,48,
2013-02-16,3667,10,,49,
2013-02-17,3669,10,,49,
2013-02-18,3673,10,,49,
2013-02-19,3675,10,,49,
2013-02-20,3679,10,,49,
2013-02-21,3679,10,,49,
2013-02-22,3688,10,,50,
2013-02-23,3688,10,,50,
2013-02-24,3692,10,,50,
2013-02-25,3693,10,,50,
2013-02-26,3694,10,,50,
2013-02-27,3694,10,,51,
2013-02-28,3695,11,,52,
2013-03-01,3698,11,,52,
2013-03-02,3698,11,,52,
2013-03-03,3698,11,,52,
2013-03-04,3698,11,,52,
2013-03-05,3698,11,,52,
2013-03-06,3698,11,,54,
2013-03-07,3700,11,,54,
2013-03-08,3700,11,,54,
2013-03-09,3701,11,,54,
2013-03-10,3701,11,,56,
2013-03-11,3704,11,,57,
2013-03-12,3704,11,,57,
2013-03-13,3705,11,,59,
2013-03-14,3705,11,,60,
2013-03-15,3705,11,,62,
2013-03-16,3705,12,,63,
2013-03-17,3706,12,,63,
2013-03-18,3714,12,,64,
2013-03-19,3725,13,,65,
2013-03-20,3725,13,,66,
2013-03-21,3728,15,,67,
2013-03-22,3731,15,,68,
2013-03-23,3735,15,,68,
2013-03-24,3737,15,,68,
2013-03-25,3739,16,,72,
2013-03-26,3739,17,,74,
2013-03-27,3739,17,,75,
2013-03-28,3740,18,,75,
2013-03-29,3755,18,,80,
2013-03-30,3757,18,,83,
2013-03-31,3765,18,,86,
2013-04-01,3773,18,,89,
2013-04-02,3787,22,,94,
2013-04-03,3801,23,,101,
2013-04-04,3813,26,,109,
2013-04-05,3821,26,,112,
2013-04-06,3829,26,,117,
2013-04-07,3836,26,,128,
2013-04-08,3844,27,,134,
2013-04-09,3855,30,,139,
2013-04-10,3861,32,,147,
2013-04-11,3867,33,,152,
2013-04-12,3872,35,,160,
2013-04-13,3875,38,,165,
2013-04-14,3883,41,,169,
2013-04-15,3887,41,,170,
2013-04-16,3887,43,,183,
2013-04-17,3892,44,,186,
2013-04-18,3896,47,,187,
2013-04-19,3897,49,,190,
2013-04-20,3897,52,,193,
2013-04-21,3897,55,,195,
2013-04-22,3899,56,,200,
2013-04-23,3909,58,,202,
2013-04-24,3913,59,,206,
2013-04-25,3918,60,,207,
2013-04-26,3922,60,,209,
2013-04-27,3932,61,,216,
2013-04-28,3936,64,,221,
2013-04-29,3942,64,,222,
2013-04-30,3944,64,,223,
2013-05-01,3948,64,,226,
2013-05-02,3953,64,,230,
2013-05-03,3969,66,,235,
2013-05-04,3976,66,,236,
2013-05-05,3977,70,,239,
2013-05-06,3978,72,,241,
2013-05-07,3983,73,,243,
2013-05-08,3986,74,,243,
2013-05-09,3987,75,,245,
2013-05-10,3991,75,,246,
2013-05-11,3991,76,,246,
2013-05-12,3993,77,,246,
2013-05-13,3995,78,,249,
2013-05-14,3995,79,,251,
2013-05-15,3995,79,,254,
2013-05-16,3996,81,,255,
2013-05-17,3996,81,,256,
2013-05-18,3996,82,,256,
2013-05-19,4000,83,,257,
2013-05-20,4002,84,,257,
2013-05-21,4004,84,,257,
2013-05-22,4015,85,,258,
2013-05-23,4017,85,,258,
2013-05-24,4026,85,,258,
2013-05-25,4027,87,,260,
2013-05-26,4027,89,,262,
2013-05-27,4027,89,,265,
2013-05-28,4027,89,,266,
2013-05-29,4028,90,,268,
2013-05-30,4050,90,,269,
2013-05-31,4052,90,,269,
2013-06-01,4054,91,,269,
2013-06-02,4060,92,,270,
2013-06-03,4066,92,,270,
2013-06-04,4074,93,,274,
2013-06-05,4078,94,,277,
2013-06-06,4091,94,,278,
2013-06-07,4094,94,,279,
2013-06-08,4095,94,,280,
2013-06-09,4097,94,,281,
2013-06-10,4106,94,,281,
2013-06-11,4108,94,,281,
2013-06-12,4109,94,,282,
2013-06-13,4110,95,,283,
2013-06-14,4114,95,,284,
2013-06-15,4117,95,,284,
2013-06-16,4119,96,,284,
2013-06-17,4120,97,,285,
2013-06-18,4121,97,,285,
2013-06-19,4126,98,,285,
2013-06-20,4126,100,,285,
2013-06-21,4126,100,,285,
2013-06-22,4135,100,,286,
2013-06-23,4145,101,,288,
2013-06-24,4162,101,,288,
2013-06-25,4172,102,,289,
2013-06-26,4174,102,,291,
2013-06-27,4176,102,,293,
2013-06-28,4176,102,,294,
2013-06-29,4178,102,,295,
2013-06-30,4178,102,,296,
2013-07-01,4180,102,,298,
2013-07-02,4181,102,,300,
2013-07-03,4182,102,,300,
2013-07-04,4183,102,,301,
2013-07-05,4183,104,,302,
2013-07-06,4183,104,,302,
2013-07-07,4187,104,,303,
2013-07-08,4188,104,,304,
2013-07-09,4189,106,,304,
2013-07-10,4194,106,,304,
2013-07-11,4194,106,,304,
2013-07-12,4194,106,,304,
2013-07-13,4196,106,,304,
2013-07-14,4199,106,,304,
2013-07-15,4200,107,,304,
2013-07-16,4200,107,,306,
2013-07-17,4208,107,,306,
2013-07-18,4208,107,,307,
2013-07-19,4210,107,,307,
2013-07-20,4210,107,,308,
2013-07-21,4211,108,,309,
2013-07-22,4219,108,,310,
2013-07-23,4226,108,,310,
2013-07-24,4230,108,,311,
2013-07-25,4231,108,,312,
2013-07-26,4234,109,,312,
2013-07-27,4236,109,,313,
2013-07-28,4237,109,,313,
2013-07-29,4241,109,,313,
2013-07-30,4241,109,,313,
2013-07-31,4246,109,,315,
2013-08-01,4247,110,,315,
2013-08-02,4249,110,,318,
2013-08-03,4249,110,,318,
2013-08-04,4249,111,,318,
2013-08-05,4258,111,,320,
2013-08-06,4263,111,,321,
2013-08-07,4266,111,,322,
2013-08-08,4268,111,,322,
2013-08-09,4269,111,,322,
2013-08-10,4270,114,,323,
2013-08-11,4270,114,,323,
2013-08-12,4274,114,,324,
2013-08-13,4275,114,,325,
2013-08-14,4275,114,,326,
2013-08-15,4284,114,,328,
2013-08-16,4290,114,,329,
2013-08-17,4292,114,,329,
2013-08-18,4293,114,,329,
2013-08-19,4294,114,,329,
2013-08-20,4303,114,,329,
2013-08-21,4307,114,,330,
2013-08-22,4317,114,,334,
2013-08-23,4322,114,,335,
2013-08-24,4329,115,,335,
2013-08-25,4334,115,,336,
2013-08-26,4337,115,,336,
2013-08-27,4337,115,,336,
2013-08-28,4343,115,,336,
2013-08-29,4349,116,,336,
2013-08-30,4359,116,,342,
2013-08-31,4361,117,,345,
2013-09-01,4361,117,,345,
2013-09-02,4366,117,,347,
2013-09-03,4367,118,,349,
2013-09-04,4369,118,,351,
2013-09-05,4371,119,,352,
2013-09-06,4378,119,,352,
2013-09-07,4380,119,,352,
2013-09-08,4382,119,,352,
2013-09-09,4387,120,,352,
2013-09-10,4393,121,,352,
2013-09-11,4394,123,,353,
2013-09-12,4394,123,,353,
2013-09-13,4398,123,,353,
2013-09-14,4405,123,,353,
2013-09-15,4405,123,,355,
2013-09-16,4411,123,,356,
2013-09-17,4414,124,,358,
2013-09-18,4432,124,,358,
2013-09-19,4438,124,,359,
2013-09-20,4443,124,,362,
2013-09-21,4445,124,,363,
2013-09-22,4447,124,,364,
2013-09-23,4450,124,,364,
2013-09-24,4452,125,,364,
2013-09-25,4454,125,,364,
2013-09-26,4458,125,,365,
2013-09-27,4459,125,,365,
2013-09-28,4465,125,,365,
2013-09-29,4468,125,,366,
2013-09-30,4468,125,,367,
2013-10-01,4480,125,,367,
2013-10-02,4483,125,,368,
2013-10-03,4489,125,,368,
2013-10-04,4501,125,,368,
2013-10-05,4502,126,,369,
2013-10-06,4504,126,,370,
2013-10-07,4508,126,,371,
2013-10-08,4514,127,,371,
2013-10-09,4515,127,,371,
2013-10-10,4517,127,,371,
2013-10-11,4528,127,,371,
2013-10-12,4530,127,,372,
2013-10-13,4532,127,,372,
2013-10-14,4534,127,,374,
2013-10-15,4556,127,,374,
2013-10-16,4564,128,,376,
2013-10-17,4570,128,,377,
2013-10-18,4572,128,,377,
2013-10-19,4575,128,,377,
2013-10-20,4587,128,,377,
2013-10-21,4593,128,,377,
2013-10-22,4606,130,,378,
2013-10-23,4618,130,,378,
2013-10-24,4628,130,,379,
2013-10-25,4638,130,,379,
2013-10-26,4649,130,,381,
2013-10-27,4659,131,,381,
2013-10-28,4673,132,,382,
2013-10-29,4676,132,,383,
2013-10-30,4685,132,,384,
2013-10-31,4693,132,,385,
2013-11-01,4696,132,,388,
2013-11-02,4699,132,,388,
2013-11-03,4700,132,,388,
2013-11-04,4710,132,,389,
2013-11-05,4719,132,,389,
2013-11-06,4720,133,,389,
2013-11-07,4722,134,,392,
2013-11-08,4727,134,,394,
2013-11-09,4729,135,,396,
2013-11-10,4733,138,,399,
2013-11-11,4757,139,,400,
2013-11-12,4763,140,,401,
2013-11-13,4771,140,,404,
2013-11-14,4777,140,,406,
2013-11-15,4783,141,,408,
2013-11-16,4786,142,,410,
2013-11-17,4790,142,,413,
2013-11-18,4800,143,,422,
2013-11-19,4803,144,,435,
2013-11-20,4806,146,,442,
2013-11-21,4811,147,,445,
2013-11-22,4816,148,,451,
2013-11-23,4816,148,,453,
2013-11-24,4820,149,,459,
2013-11-25,4821,149,,463,
2013-11-26,4826,152,,468,
2013-11-27,4833,155,,475,
2013-11-28,4843,157,,504,
2013-11-29,4846,159,,516,
2013-11-30,4851,166,,527,
2013-12-01,4852,171,,535,
2013-12-02,4861,175,,544,
2013-12-03,4868,180,,552,
2013-12-04,4882,183,,561,
2013-12-05,4885,184,,571,
2013-12-06,4891,186,,575,
2013-12-07,4892,191,,580,
2013-12-08,4897,192,,585,
2013-12-09,4910,195,,589,
2013-12-10,4919,197,,593,
2013-12-11,4928,199,,597,
2013-12-12,4931,201,,599,
2013-12-13,4948,206,,604,
2013-12-14,4951,208,,608,
2013-12-15,4956,211,,611,
2013-12-16,4969,214,,617,
2013-12-17,4976,215,,617,
2013-12-18,4981,217,,618,
2013-12-19,4986,219,,624,
2013-12-20,5000,227,,626,
2013-12-21,5001,229,,626,
2013-12-22,5001,235,,627,
2013-12-23,5003,239,,627,
2013-12-24,5005,242,,628,
2013-12-25,5007,248,,628,
2013-12-26,5007,248,,629,
2013-12-27,5007,251,,631,
2013-12-28,5008,254,,634,
2013-12-29,5009,257,,635,
2013-12-30,5009,259,,638,
2013-12-31,5009,265,,640,
2014-01-01,5009,269,,642,
2014-01-02,5010,271,,645,
2014-01-03,5012,276,,648,
2014-01-04,5013,279,,652,
2014-01-05,5015,281,,653,
2014-01-06,5028,289,,655,
2014-01-07,5029,292,,655,
2014-01-08,5031,298,,655,
2014-01-09,5034,301,,658,
2014-01-10,5055,302,,661,
2014-01-11,5071,304,,664,
2014-01-12,5077,306,,664,
2014-01-13,5087,308,,664,
2014-01-14,5106,309,,664,
2014-01-15,5110,314,,667,
2014-01-16,5120,316,,671,
2014-01-17,5123,317,,673,
2014-01-18,5143,317,,675,
2014-01-19,5148,320,,675,
2014-01-20,5149,324,,677,
2014-01-21,5161,326,,679,
2014-01-22,5172,327,,684,
2014-01-23,5180,330,,687,
2014-01-24,5185,330,,689,
2014-01-25,5185,330,,690,
2014-01-26,5185,334,,692,
2014-01-27,5195,337,,693,
2014-01-28,5203,339,,695,
2014-01-29,5222,340,,697,
2014-01-30,5230,342,,698,
2014-01-31,5233,344,,698,
2014-02-01,5233,346,,700,
2014-02-02,5235,346,,704,
2014-02-03,5239,349,,705,
2014-02-04,5240,350,,706,
2014-02-05,5244,353,,707,
2014-02-06,5248,355,,709,
2014-02-07,5252,357,,711,
2014-02-08,5259,360,,712,
2014-02-09,5263,362,,713,
2014-02-10,5271,365,,714,
2014-02-11,5276,368,,715,
2014-02-12,5277,370,,717,
2014-02-13,5285,377,,717,
2014-02-14,5292,380,,718,
2014-02-15,5293,381,,721,
2014-02-16,5300,384,,724,
2014-02-17,5314,389,,725,
2014-02-18,5318,391,,727,
2014-02-19,5321,394,,729,
2014-02-20,5324,396,,731,
2014-02-21,5327,398,,732,
2014-02-22,5332,400,,734,
2014-02-23,5336,401,,736,
2014-02-24,5343,402,,739,
2014-02-25,5348,404,,741,
2014-02-26,5359,405,,741,
2014-02-27,5367,408,,741,
2014-02-28,5380,410,,742,
2014-03-01,5384,412,,744,
2014-03-02,5384,413,,748,
2014-03-03,5388,415,,750,
2014-03-04,5392,417,,750,
2014-03-05,5400,425,,753,
2014-03-06,5402,428,,753,
2014-03-07,5407,429,,755,
2014-03-08,5409,429,,758,
2014-03-09,5409,435,,759,
2014-03-10,5428,435,,759,
2014-03-11,5436,436,,765,
2014-03-12,5440,439,,767,
2014-03-13,5444,440,,767,
2014-03-14,5450,441,,768,
2014-03-15,5457,442,,768,
2014-03-16,5460,443,,768,
2014-03-17,5462,446,,768,
2014-03-18,5468,448,,768,
2014-03-19,5472,450,,769,
2014-03-20,5481,450,,772,
2014-03-21,5495,455,,773,
2014-03-22,5499,460,,774,
2014-03-23,5500,460,,774,
2014-03-24,5503,462,,775,
2014-03-25,5507,463,,776,
2014-03-26,5512,464,,779,
2014-03-27,5520,465,,780,
2014-03-28,5523,468,,781,
2014-03-29,5528,475,,783,
2014-03-30,5531,478,,783,
2014-03-31,5548,481,,783,
2014-04-01,5556,484,,786,
2014-04-02,5561,485,,786,
2014-04-03,5565,486,,787,
2014-04-04,5567,487,,787,
2014-04-05,5569,489,,790,
2014-04-06,5571,490,,790,
2014-04-07,5577,492,,790,
2014-04-08,5586,494,,791,
2014-04-09,5596,496,,792,
2014-04-10,5597,496,,795,
2014-04-11,5606,498,,795,
2014-04-12,5609,499,,796,
2014-04-13,5609,500,,797,
2014-04-14,5611,500,,798,
2014-04-15,5612,501,,798,
2014-04-16,5616,502,,799,
2014-04-17,5618,504,,799,
2014-04-18,5620,504,,801,
2014-04-19,5623,504,,802,
2014-04-20,5623,505,,802,
2014-04-21,5623,506,,803,
2014-04-22,5635,507,,805,
2014-04-23,5640,507,,806,
2014-04-24,5645,509,,807,
2014-04-25,5647,509,,808,
2014-04-26,5647,509,,808,
2014-04-27,5651,509,,808,
2014-04-28,5652,510,,810,
2014-04-29,5653,511,,811,
2014-04-30,5659,511,,812,
2014-05-01,5669,512,,813,
2014-05-02,5684,512,,813,
2014-05-03,5684,513,,813,
2014-05-04,5685,514,,813,
2014-05-05,5689,515,,814,
2014-05-06,5697,517,,814,
2014-05-07,5700,517,,814,
2014-05-08,5708,519,,814,
2014-05-09,5738,519,,814,
2014-05-10,5740,521,,814,
2014-05-11,5742,521,,814,
2014-05-12,5754,522,,816,
2014-05-13,5769,525,,818,
2014-05-14,5769,525,,818,
2014-05-15,5770,528,,819,
2014-05-16,5770,529,,819,
2014-05-17,5771,529,,819,
2014-05-18,5771,529,,819,
2014-05-19,5774,529,,819,
2014-05-20,5787,531,,819,
2014-05-21,5792,532,,820,
2014-05-22,5794,533,,820,
2014-05-23,5805,533,,820,
2014-05-24,5808,533,,821,
2014-05-25,5811,534,,822,
2014-05-26,5811,534,,823,
2014-05-27,5813,535,,824,
2014-05-28,5816,536,,824,
2014-05-29,5827,536,,824,
2014-05-30,5833,536,,826,
2014-05-31,5834,537,,827,
2014-06-01,5838,537,,827,
2014-06-02,5848,538,,827,
2014-06-03,5858,538,,827,
2014-06-04,5882,539,,827,
2014-06-05,5897,539,,827,
2014-06-06,5906,539,,827,
2014-06-07,5910,540,,827,
2014-06-08,5913,540,,827,
2014-06-09,5921,542,,827,
2014-06-10,5928,542,,827,
2014-06-11,5948,542,,828,
2014-06-12,5958,542,,828,
2014-06-13,5958,544,,829,
2014-06-14,5959,544,,829,
2014-06-15,5963,544,,829,
2014-06-16,5974,544,,829,
2014-06-17,5981,545,,830,
2014-06-18,5984,545,,830,
2014-06-19,5988,545,,830,
2014-06-20,5990,546,,830,
2014-06-21,6014,547,,831,
2014-06-22,6018,549,,831,
2014-06-23,6037,549,,831,
2014-06-24,6045,551,,832,
2014-06-25,6058,551,,832,
2014-06-26,6072,553,,833,
2014-06-27,6092,553,,833,
2014-06-28,6108,553,,834,
2014-06-29,6114,553,,834,
2014-06-30,6121,556,,835,
2014-07-01,6135,557,,835,
2014-07-02,6161,557,,835,
2014-07-03,6169,557,,836,
2014-07-04,6177,557,,837,
2014-07-05,6179,557,,837,
2014-07-06,6183,557,,837,
2014-07-07,6214,558,,837,
2014-07-08,6222,559,,837,
2014-07-09,6238,559,,837,
2014-07-10,6241,559,,838,
2014-07-11,6249,559,,838,
2014-07-12,6254,559,,838,
2014-07-13,6259,559,,839,
2014-07-14,6273,559,,839,
2014-07-15,6284,559,,840,
2014-07-16,6288,559,,840,
2014-07-17,6298,559,,840,
2014-07-18,6319,559,,840,
2014-07-19,6319,561,,840,
2014-07-20,6322,561,,840,
2014-07-21,6334,561,,841,
2014-07-22,6337,561,,841,
2014-07-23,6343,561,,841,
2014-07-24,6349,562,,843,
2014-07-25,6353,562,,845,
2014-07-26,6354,563,,845,
2014-07-27,6354,564,,846,
2014-07-28,6364,567,,846,
2014-07-29,6378,568,,847,
2014-07-30,6387,568,,847,
2014-07-31,6398,568,,847,
2014-08-01,6404,568,,848,
2014-08-02,6405,568,,848,
2014-08-03,6410,570,,848,
2014-08-04,6424,571,,850,
2014-08-05,6426,571,,850,
2014-08-06,6441,571,,850,
2014-08-07,6447,571,,852,
2014-08-08,6464,571,,852,
2014-08-09,6465,571,,852,
2014-08-10,6467,571,,853,
2014-08-11,6480,571,,853,
2014-08-12,6491,572,,854,
2014-08-13,6495,572,,854,
2014-08-14,6501,572,,855,
2014-08-15,6506,572,,855,
2014-08-16,6512,573,,855,
2014-08-17,6518,574,,855,
2014-08-18,6532,574,,856,
2014-08-19,6543,574,,856,
2014-08-20,6554,574,,857,
2014-08-21,6563,574,,857,
2014-08-22,6566,574,,857,
2014-08-23,6575,574,,857,
2014-08-24,6584,576,,858,
2014-08-25,6590,576,,860,
2014-08-26,6614,576,,862,
2014-08-27,6623,576,,862,
2014-08-28,6634,576,,862,
2014-08-29,6640,576,,862,
2014-08-30,6648,576,,862,
2014-08-31,6653,576,,862,
2014-09-01,6663,578,,862,
2014-09-02,6669,578,,862,
2014-09-03,6676,578,,863,
2014-09-04,6690,578,,864,
2014-09-05,6700,578,,864,
2014-09-06,6704,578,,864,
2014-09-07,6705,578,,864,
2014-09-08,6725,578,,864,
2014-09-09,6734,578,,864,
2014-09-10,6748,578,,865,
2014-09-11,6751,578,,865,
2014-09-12,6759,579,,866,
2014-09-13,6759,579,,867,
2014-09-14,6765,579,,869,
2014-09-15,6772,579,,869,
2014-09-16,6796,581,,870,
2014-09-17,6800,581,,871,
2014-09-18,6813,582,,871,
2014-09-19,6817,582,,871,
2014-09-20,6822,582,,871,
2014-09-21,6825,583,,871,
2014-09-22,6838,583,,872,
2014-09-23,6852,583,,872,
2014-09-24,6856,584,,872,
2014-09-25,6888,584,,872,
2014-09-26,6894,585,,872,
2014-09-27,6898,585,,873,
2014-09-28,6899,585,,873,
2014-09-29,6912,585,,873,
2014-09-30,6921,585,,873,
2014-10-01,6944,585,,873,
2014-10-02,6978,585,,873,
2014-10-03,6986,586,,873,
2014-10-04,6988,586,,873,
2014-10-05,6988,588,,874,
2014-10-06,6999,588,,874,
2014-10-07,7008,588,,875,
2014-10-08,7016,588,,876,
2014-10-09,7020,588,,877,
2014-10-10,7031,588,,878,
2014-10-11,7034,588,,878,
2014-10-12,7034,588,,878,
2014-10-13,7038,588,,878,
2014-10-14,7053,591,,878,
2014-10-15,7061,593,,880,
2014-10-16,7066,593,,880,
2014-10-17,7077,594,,881,
2014-10-18,7077,594,,882,
2014-10-19,7077,594,,884,
2014-10-20,7081,594,,884,
2014-10-21,7094,594,,884,
2014-10-22,7101,594,,886,
2014-10-23,7106,594,,886,
2014-10-24,7120,595,,886,
2014-10-25,7132,595,,886,
2014-10-26,7132,595,,886,
2014-10-27,7149,595,,886,
2014-10-28,7159,595,,886,
2014-10-29,7165,595,,886,
2014-10-30,7181,596,,886,
2014-10-31,7200,596,,886,
2014-11-01,7201,597,,886,
2014-11-02,7201,600,,886,
2014-11-03,7210,600,,886,
2014-11-04,7221,602,,887,
2014-11-05,7229,603,,887,
2014-11-06,7238,603,,887,
2014-11-07,7247,603,,887,
2014-11-08,7250,604,,887,
2014-11-09,7250,605,,887,
2014-11-10,7258,605,,889,
2014-11-11,7259,606,,890,
2014-11-12,7264,607,,890,
2014-11-13,7275,607,,890,
2014-11-14,7280,607,,890,
2014-11-15,7280,607,,890,
2014-11-16,7287,607,,890,
2014-11-17,7302,608,,891,
2014-11-18,7328,608,,891,
2014-11-19,7346,608,,891,
2014-11-20,7390,608,,891,
2014-11-21,7401,608,,891,
2014-11-22,7405,608,,891,
2014-11-23,7411,608,,891,
2014-11-24,7424,608,,892,
2014-11-25,7439,609,,892,
2014-11-26,7465,610,,892,
2014-11-27,7471,611,,893,
2014-11-28,7477,611,,893,
2014-11-29,7478,611,,894,
2014-11-30,7479,611,,894,
2014-12-01,7489,612,,895,
2014-12-02,7503,612,,895,
2014-12-03,7511,613,,895,
2014-12-04,7519,613,,895,
2014-12-05,7530,613,,895,
2014-12-06,7536,613,,896,
2014-12-07,7538,613,,896,
2014-12-08,7554,614,,896,
2014-12-09,7563,614,,897,
2014-12-10,7565,614,,897,
2014-12-11,7579,614,,898,
2014-12-12,7587,614,,899,
2014-12-13,7588,614,,900,
2014-12-14,7589,614,,900,
2014-12-15,7593,615,,900,
2014-12-16,7611,616,,900,
2014-12-17,7618,617,,900,
2014-12-18,7619,617,,900,
2014-12-19,7636,618,,901,
2014-12-20,7641,619,,902,
2014-12-21,7643,619,,902,
2014-12-22,7647,619,,902,
2014-12-23,7658,619,,904,
2014-12-24,7660,620,,906,
2014-12-25,7661,620,,906,
2014-12-26,7664,622,,907,
2014-12-27,7679,622,,908,
2014-12-28,7681,622,,908,
2014-12-29,7691,622,,908,
2014-12-30,7699,622,,909,
2014-12-31,7714,622,,909,
2015-01-01,7715,622,,909,
2015-01-02,7731,623,,910,
2015-01-03,7735,624,,910,
2015-01-04,7741,624,,910,
2015-01-05,7761,624,,910,
2015-01-06,7769,624,,911,
2015-01-07,7780,624,,911,
2015-01-08,7790,624,,911,
2015-01-09,7792,625,,912,
2015-01-10,7797,625,,913,
2015-01-11,7799,625,,913,
2015-01-12,7807,625,,913,
2015-01-13,7812,625,,913,
2015-01-14,7826,626,,913,
2015-01-15,7829,626,,913,
2015-01-16,7837,626,,913,
2015-01-17,7840,626,,913,
2015-01-18,7840,626,,913,
2015-01-19,7843,626,,913,
2015-01-20,7853,626,,914,
2015-01-21,7856,627,,915,
2015-01-22,7856,627,,916,
2015-01-23,7858,628,,916,
2015-01-24,7859,628,,916,
2015-01-25,7861,629,,916,
2015-01-26,7869,629,,916,
2015-01-27,7869,629,,916,
2015-01-28,7871,629,,917,
2015-01-29,7877,629,,917,
2015-01-30,7878,630,,917,
2015-01-31,7893,630,,917,
2015-02-01,7898,630,,917,
2015-02-02,7900,630,,917,
2015-02-03,7911,630,,917,
2015-02-04,7925,630,,917,
2015-02-05,7927,631,,917,
2015-02-06,7930,632,,917,
2015-02-07,7930,633,,917,
2015-02-08,7931,634,,917,
2015-02-09,7941,634,,917,
2015-02-10,7944,634,,917,
2015-02-11,7945,634,,917,
2015-02-12,7946,634,,918,
2015-02-13,7948,635,,918,
2015-02-14,7950,635,,918,
2015-02-15,7951,636,,918,
2015-02-16,7954,636,,918,
2015-02-17,7955,636,,918,
2015-02-18,7959,637,,918,
2015-02-19,7963,638,,918,
2015-02-20,7965,638,,918,
2015-02-21,7967,638,,918,
2015-02-22,7967,638,,918,
2015-02-23,7971,638,,918,
2015-02-24,7974,640,,918,
2015-02-25,7977,641,,918,
2015-02-26,7986,642,,918,
2015-02-27,7986,642,,919,
2015-02-28,7986,642,,919,
2015-03-01,7987,642,,919,
2015-03-02,7988,642,,919,
2015-03-03,7994,642,,920,
2015-03-04,7994,642,,920,
2015-03-05,7997,642,,920,
2015-03-06,8018,643,,921,
2015-03-07,8019,643,,921,
2015-03-08,8019,643,,921,
2015-03-09,8029,643,,921,
2015-03-10,8030,643,,921,
2015-03-11,8037,643,,921,
2015-03-12,8046,643,,921,
2015-03-13,8052,643,,921,
2015-03-14,8052,643,,921,
2015-03-15,8052,644,,922,
2015-03-16,8056,644,,922,
2015-03-17,8060,644,,922,
2015-03-18,8061,644,,922,
2015-03-19,8061,645,,922,
2015-03-20,8067,645,,922,
2015-03-21,8071,645,,922,
2015-03-22,8073,645,,922,
2015-03-23,8073,646,,922,
2015-03-24,8092,646,,922,
2015-03-25,8094,646,,922,
2015-03-26,8099,646,,922,
2015-03-27,8105,647,,923,
2015-03-28,8105,647,,924,
2015-03-29,8108,647,,925,
2015-03-30,8111,647,,925,
2015-03-31,8111,647,,926,
2015-04-01,8123,647,,927,
2015-04-02,8124,647,,928,
2015-04-03,8126,647,,928,
2015-04-04,8127,647,,928,
2015-04-05,8127,647,,928,
2015-04-06,8128,647,,929,
2015-04-07,8130,647,,930,
2015-04-08,8137,647,,930,
2015-04-09,8139,648,,930,
2015-04-10,8142,648,,931,
2015-04-11,8142,650,,931,
2015-04-12,8148,650,,931,
2015-04-13,8152,650,,931,
2015-04-14,8155,650,,932,
2015-04-15,8169,652,,934,
2015-04-16,8172,652,,934,
2015-04-17,8173,652,,935,
2015-04-18,8173,652,,935,
2015-04-19,8175,652,,935,
2015-04-20,8206,652,,936,
2015-04-21,8210,652,,936,
2015-04-22,8214,652,,937,
2015-04-23,8219,652,,937,
2015-04-24,8228,652,,937,
2015-04-25,8229,653,,937,
2015-04-26,8231,655,,937,
2015-04-27,8232,655,,937,
2015-04-28,8249,655,,938,
2015-04-29,8261,656,,938,
2015-04-30,8271,656,,938,
2015-05-01,8282,657,,938,
2015-05-02,8285,657,,938,
2015-05-03,8286,657,,939,
2015-05-04,8300,657,,939,
2015-05-05,8306,658,,939,
2015-05-06,8314,659,,939,
2015-05-07,8317,659,,939,
2015-05-08,8318,659,,939,
2015-05-09,8321,659,,939,
2015-05-10,8323,660,,939,
2015-05-11,8326,661,,940,
2015-05-12,8340,661,,940,
2015-05-13,8347,661,,940,
2015-05-14,8373,661,,940,
2015-05-15,8386,661,,940,
2015-05-16,8391,661,,940,
2015-05-17,8391,661,,940,
2015-05-18,8405,661,,941,
2015-05-19,8412,661,,941,
2015-05-20,8419,661,,941,
2015-05-21,8422,661,,942,
2015-05-22,8426,661,,942,
2015-05-23,8427,661,,942,
2015-05-24,8429,661,,942,
2015-05-25,8429,662,,943,
2015-05-26,8439,662,,943,
2015-05-27,8455,662,,943,
2015-05-28,8459,662,,943,
2015-05-29,8461,663,,943,
2015-05-30,8461,663,,943,
2015-05-31,8464,663,,943,
2015-06-01,8474,663,,943,
2015-06-02,8485,663,,943,
2015-06-03,8494,663,,943,
2015-06-04,8517,663,,943,
2015-06-05,8523,664,,943,
2015-06-06,8530,664,,944,
2015-06-07,8531,664,,945,
2015-06-08,8534,667,,945,
2015-06-09,8540,667,,946,
2015-06-10,8552,667,,946,
2015-06-11,8564,668,,946,
2015-06-12,8569,668,,946,
2015-06-13,8570,669,,946,
2015-06-14,8571,669,,946,
2015-06-15,8581,670,,946,
2015-06-16,8591,670,,946,
2015-06-17,8605,670,,946,
2015-06-18,8610,670,,946,
2015-06-19,8619,671,,946,
2015-06-20,8621,671,,946,
2015-06-21,8623,671,,946,
2015-06-22,8631,671,,946,
2015-06-23,8633,671,,947,
2015-06-24,8634,671,,947,
2015-06-25,8641,671,,948,
2015-06-26,8645,672,,948,
2015-06-27,8645,672,,948,
2015-06-28,8645,672,,948,
2015-06-29,8646,672,,949,
2015-06-30,8655,672,,949,
2015-07-01,8661,672,,949,
2015-07-02,8676,672,,950,
2015-07-03,8686,672,,951,
2015-07-04,8686,672,,951,
2015-07-05,8687,673,,952,
2015-07-06,8691,675,,952,
2015-07-07,8695,676,,955,
2015-07-08,8698,676,,955,
2015-07-09,8700,677,,957,
2015-07-10,8715,677,,958,
2015-07-11,8718,678,,959,
2015-07-12,8720,679,,960,
2015-07-13,8726,679,,960,
2015-07-14,8731,680,,960,
2015-07-15,8744,681,,960,
2015-07-16,8746,683,,961,
2015-07-17,8751,683,,961,
2015-07-18,8756,683,,961,
2015-07-19,8757,683,,962,
2015-07-20,8773,683,,962,
2015-07-21,8776,683,,962,
2015-07-22,8780,683,,963,
2015-07-23,8786,683,,963,
2015-07-24,8792,684,,963,
2015-07-25,8793,684,,963,
2015-07-26,8793,684,,963,
2015-07-27,8811,684,,965,
2015-07-28,8818,684,,965,
2015-07-29,8822,684,,965,
2015-07-30,8823,684,,966,
2015-07-31,8828,685,,966,
2015-08-01,8830,685,,966,
2015-08-02,8830,685,,966,
2015-08-03,8842,685,,966,
2015-08-04,8846,685,,968,
2015-08-05,8854,685,,968,
2015-08-06,8860,685,,969,
2015-08-07,8868,685,,969,
2015-08-08,8871,685,,969,
2015-08-09,8871,685,,970,
2015-08-10,8882,685,,970,
2015-08-11,8891,685,,971,
2015-08-12,8893,685,,971,
2015-08-13,8894,685,,972,
2015-08-14,8897,686,,972,
2015-08-15,8898,686,,972,
2015-08-16,8898,686,,972,
2015-08-17,8904,686,,973,
2015-08-18,8906,687,,974,
2015-08-19,8913,687,,974,
2015-08-20,8918,687,,974,
2015-08-21,8920,687,,974,
2015-08-22,8931,687,,974,
2015-08-23,8932,688,,974,
2015-08-24,8934,688,,974,
2015-08-25,8940,689,,974,
2015-08-26,8943,689,,974,
2015-08-27,8943,689,,975,
2015-08-28,8943,689,,975,
2015-08-29,8945,689,,975,
2015-08-30,8945,689,,975,
2015-08-31,8948,690,,976,
2015-09-01,8949,690,,976,
2015-09-02,8964,690,,976,
2015-09-03,8981,691,,976,
2015-09-04,8992,691,,976,
2015-09-05,8992,691,,977,
2015-09-06,8994,691,,977,
2015-09-07,8998,693,,977,
2015-09-08,9007,693,,977,
2015-09-09,9007,693,,977,
2015-09-10,9007,693,,977,
2015-09-11,9007,694,,977,
2015-09-12,9010,695,,977,
2015-09-13,9012,696,,977,
2015-09-14,9013,696,,977,
2015-09-15,9016,696,,977,
2015-09-16,9044,696,,977,
2015-09-17,9053,696,,978,
2015-09-18,9060,696,,978,
2015-09-19,9062,696,,978,
2015-09-20,9063,696,,978,
2015-09-21,9071,696,,980,
2015-09-22,9080,696,,980,
2015-09-23,9091,696,,980,
2015-09-24,9096,696,,980,
2015-09-25,9102,696,,980,
2015-09-26,9105,696,,980,
2015-09-27,9106,696,,980,
2015-09-28,9112,696,,981,
2015-09-29,9122,696,,981,
2015-09-30,9131,697,,981,
2015-10-01,9158,698,,982,
2015-10-02,9164,698,,982,
2015-10-03,9165,698,,982,
2015-10-04,9166,698,,982,
2015-10-05,9175,698,,982,
2015-10-06,9188,698,,983,
2015-10-07,9190,699,,983,
2015-10-08,9197,699,,983,
2015-10-09,9215,699,,983,
2015-10-10,9218,699,,983,
2015-10-11,9222,699,,983,
2015-10-12,9224,699,,983,
2015-10-13,9245,699,,983,
2015-10-14,9249,699,,983,
2015-10-15,9256,699,,984,
2015-10-16,9257,699,,984,
2015-10-17,9259,699,,984,
2015-10-18,9261,700,,984,
2015-10-19,9269,700,,985,
2015-10-20,9282,701,,986,
2015-10-21,9285,701,,986,
2015-10-22,9291,701,,987,
2015-10-23,9315,701,,987,
2015-10-24,9315,701,,987,
2015-10-25,9317,701,,987,
2015-10-26,9332,701,,987,
2015-10-27,9338,703,,987,
2015-10-28,9352,703,,987,
2015-10-29,9361,703,,989,
2015-10-30,9364,704,,990,
2015-10-31,9367,704,,990,
2015-11-01,9371,705,,990,
2015-11-02,9375,705,,990,
2015-11-03,9384,705,,990,
2015-11-04,9400,706,,993,
2015-11-05,9408,706,,993,
2015-11-06,9410,706,,993,
2015-11-07,9410,707,,993,
2015-11-08,9411,707,,994,
2015-11-09,9421,707,,994,
2015-11-10,9442,707,,994,
2015-11-11,9460,707,,997,
2015-11-12,9478,708,,997,
2015-11-13,9499,708,,997,
2015-11-14,9514,708,,997,
2015-11-15,9515,708,,997,
2015-11-16,9536,708,,997,
2015-11-17,9548,709,,997,
2015-11-18,9558,710,,997,
2015-11-19,9572,710,,997,
2015-11-20,9583,710,,998,
2015-11-21,9589,710,,998,
2015-11-22,9594,710,,998,
2015-11-23,9597,710,,998,
2015-11-24,9612,710,,998,
2015-11-25,9618,710,,998,
2015-11-26,9622,710,,998,
2015-11-27,9642,711,,998,
2015-11-28,9656,711,,998,
2015-11-29,9663,711,,998,
2015-11-30,9706,711,,998,
2015-12-01,9741,712,,998,
2015-12-02,9772,712,,998,
2015-12-03,9779,712,,998,
2015-12-04,9783,712,,999,
2015-12-05,9786,712,,999,
2015-12-06,9787,712,,999,
2015-12-07,9794,712,,1000,
2015-12-08,9799,712,,1001,
2015-12-09,9803,712,,1002,
2015-12-10,9806,713,,1002,
2015-12-11,9811,713,,1002,
2015-12-12,9814,713,,1002,
2015-12-13,9816,713,,1002,
2015-12-14,9830,713,,1003,
2015-12-15,9834,714,,1005,
2015-12-16,9836,714,,1005,
2015-12-17,9838,715,,1005,
2015-12-18,9843,715,,1006,
2015-12-19,9844,715,,1006,
2015-12-20,9845,715,,1006,
2015-12-21,9846,716,,1008,
2015-12-22,9859,716,,1008,
2015-12-23,9860,716,,1008,
2015-12-24,9861,716,,1008,
2015-12-25,9862,716,,1008,
2015-12-26,9865,717,,1009,
2015-12-27,9865,717,,1010,
2015-12-28,9865,717,,1010,
2015-12-29,9866,717,,1010,
2015-12-30,9868,717,,1011,
2015-12-31,9868,717,,1011,
2016-01-01,9868,717,,1011,
2016-01-02,9871,717,,1011,
2016-01-03,9874,717,,1011,
2016-01-04,9887,717,,1011,
2016-01-05,9903,717,,1011,
2016-01-06,9907,717,,1012,
2016-01-07,9919,718,,1012,
2016-01-08,9925,718,,1016,
2016-01-09,9931,718,,1016,
2016-01-10,9932,718,,1016,
2016-01-11,9933,719,,1017,
2016-01-12,9934,720,,1017,
2016-01-13,9947,720,,1019,
2016-01-14,9950,720,,1019,
2016-01-15,9956,720,,1020,
2016-01-16,9958,721,,1020,
2016-01-17,9961,721,,1020,
2016-01-18,9979,721,,1020,
2016-01-19,9984,721,,1020,
2016-01-20,10000,721,,1022,
2016-01-21,10003,721,,1023,
2016-01-22,10011,721,,1024,
2016-01-23,10014,721,,1024,
2016-01-24,10014,721,,1024,
2016-01-25,10020,721,,1024,
2016-01-26,10022,721,,1027,
2016-01-27,10032,721,,1027,
2016-01-28,10047,721,,1027,
2016-01-29,10053,721,,1029,
2016-01-30,10056,721,,1029,
2016-01-31,10059,721,,1029,
2016-02-01,10071,721,,1030,
2016-02-02,10077,721,,1031,
2016-02-03,10087,721,,1031,
2016-02-04,10095,721,,1031,
2016-02-05,10098,722,,1031,
2016-02-06,10098,722,,1031,
2016-02-07,10099,722,,1031,
2016-02-08,10103,722,,1032,
2016-02-09,10113,723,,1033,
2016-02-10,10123,723,,1033,
2016-02-11,10130,723,,1033,
2016-02-12,10138,723,,1034,
2016-02-13,10139,724,,1034,
2016-02-14,10141,724,,1035,
2016-02-15,10148,724,,1035,
2016-02-16,10154,724,,1035,
2016-02-17,10154,724,,1035,
2016-02-18,10157,725,,1035,
2016-02-19,10158,725,,1035,
2016-02-20,10158,725,,1035,
2016-02-21,10158,725,,1035,
2016-02-22,10158,726,,1035,
2016-02-23,10160,726,,1035,
2016-02-24,10166,726,,1035,
2016-02-25,10166,727,,1035,
2016-02-26,10171,727,,1035,
2016-02-27,10176,727,,1035,
2016-02-28,10176,728,,1035,
2016-02-29,10183,728,,1037,
2016-03-01,10191,729,,1038,
2016-03-02,10193,729,,1038,
2016-03-03,10199,729,,1038,
2016-03-04,10199,729,,1038,
2016-03-05,10201,730,,1038,
2016-03-06,10201,730,,1040,
2016-03-07,10201,730,,1040,
2016-03-08,10205,730,,1040,
2016-03-09,10211,730,,1040,
2016-03-10,10212,734,,1043,
2016-03-11,10221,734,,1044,
2016-03-12,10223,734,,1044,
2016-03-13,10223,734,,1044,
2016-03-14,10251,735,,1044,
2016-03-15,10257,736,,1044,
2016-03-16,10263,737,,1046,
2016-03-17,10269,737,,1046,
2016-03-18,10289,737,,1046,
2016-03-19,10293,737,,1046,
2016-03-20,10293,737,,1046,
2016-03-21,10309,738,,1047,
2016-03-22,10312,739,,1048,
2016-03-23,10323,739,,1048,
2016-03-24,10326,739,,1048,
2016-03-25,10327,739,,1049,
2016-03-26,10328,739,,1049,
2016-03-27,10328,739,,1049,
2016-03-28,10332,739,,1049,
2016-03-29,10344,739,,1050,
2016-03-30,10350,739,,1051,
2016-03-31,10359,739,,1051,
2016-04-01,10363,739,,1051,
2016-04-02,10371,740,,1051,
2016-04-03,10381,740,,1051,
2016-04-04,10389,740,,1051,
2016-04-05,10406,740,,1051,
2016-04-06,10413,740,,1051,
2016-04-07,10425,740,,1052,
2016-04-08,10430,740,,1052,
2016-04-09,10437,740,,1052,
2016-04-10,10441,740,,1052,
2016-04-11,10449,740,,1052,
2016-04-12,10451,740,,1052,
2016-04-13,10454,740,,1052,
2016-04-14,10471,740,,1052,
2016-04-15,10492,740,,1052,
2016-04-16,10497,740,,1052,
2016-04-17,10499,741,,1052,
2016-04-18,10511,741,,1052,
2016-04-19,10528,741,,1052,
2016-04-20,10540,741,,1052,
2016-04-21,10548,741,,1052,
2016-04-22,10557,741,,1052,
2016-04-23,10562,741,,1053,
2016-04-24,10563,741,,1053,
2016-04-25,10576,741,,1053,
2016-04-26,10591,741,,1053,
2016-04-27,10603,741,,1053,
2016-04-28,10618,741,,1053,
2016-04-29,10621,741,,1053,
2016-04-30,10624,742,,1053,
2016-05-01,10624,742,,1053,
2016-05-02,10629,742,,1053,
2016-05-03,10630,742,,1054,
2016-05-04,10639,742,,1054,
2016-05-05,10658,742,,1054,
2016-05-06,10673,742,,1054,
2016-05-07,10673,742,,1056,
2016-05-08,10674,742,,1056,
2016-05-09,10688,742,,1056,
2016-05-10,10707,742,,1056,
2016-05-11,10712,743,,1056,
2016-05-12,10725,743,,1056,
2016-05-13,10734,743,,1056,
2016-05-14,10734,743,,1056,
2016-05-15,10737,743,,1056,
2016-05-16,10745,743,,1056,
2016-05-17,10758,744,,1057,
2016-05-18,10769,745,,1057,
2016-05-19,10775,745,,1057,
2016-05-20,10782,746,,1057,
2016-05-21,10787,746,,1058,
2016-05-22,10788,746,,1058,
2016-05-23,10790,747,,1058,
2016-05-24,10792,747,,1059,
2016-05-25,10801,747,,1059,
2016-05-26,10810,747,,1059,
2016-05-27,10816,747,,1059,
2016-05-28,10819,747,,1060,
2016-05-29,10821,747,,1060,
2016-05-30,10829,748,,1061,
2016-05-31,10837,748,,1061,
2016-06-01,10848,748,,1061,
2016-06-02,10870,749,,1061,
2016-06-03,10875,749,,1062,
2016-06-04,10878,749,,1062,
2016-06-05,10879,749,,1063,
2016-06-06,10894,749,,1064,
2016-06-07,10909,750,,1064,
2016-06-08,10928,750,,1064,
2016-06-09,10951,751,,1065,
2016-06-10,10967,751,,1065,
2016-06-11,10967,752,,1067,
2016-06-12,10969,752,,1069,
2016-06-13,10988,752,,1069,
2016-06-14,10996,752,,1069,
2016-06-15,11003,752,,1069,
2016-06-16,11013,753,,1069,
2016-06-17,11023,753,,1069,
2016-06-18,11028,753,,1070,
2016-06-19,11039,753,,1071,
2016-06-20,11059,753,,1073,
2016-06-21,11067,754,,1074,
2016-06-22,11100,756,,1074,
2016-06-23,11106,757,,1074,
2016-06-24,11117,757,,1074,
2016-06-25,11119,757,,1074,
2016-06-26,11121,758,,1074,
2016-06-27,11125,759,,1074,
2016-06-28,11135,759,,1075,
2016-06-29,11138,759,,1075,
2016-06-30,11142,761,,1075,
2016-07-01,11144,761,,1076,
2016-07-02,11145,761,,1076,
2016-07-03,11145,761,,1076,
2016-07-04,11146,761,,1077,
2016-07-05,11149,762,,1078,
2016-07-06,11159,762,,1078,
2016-07-07,11166,762,,1078,
2016-07-08,11176,762,,1079,
2016-07-09,11181,762,,1079,
2016-07-10,11181,762,,1080,
2016-07-11,11183,762,,1080,
2016-07-12,11186,762,,1080,
2016-07-13,11186,763,,1083,
2016-07-14,11193,763,,1083,
2016-07-15,11196,763,,1083,
2016-07-16,11198,763,,1084,
2016-07-17,11199,763,,1084,
2016-07-18,11212,763,,1084,
2016-07-19,11217,764,,1084,
2016-07-20,11221,764,,1084,
2016-07-21,11228,764,,1084,
2016-07-22,11232,764,,1084,
2016-07-23,11232,764,,1084,
2016-07-24,11235,764,,1084,
2016-07-25,11237,764,,1084,
2016-07-26,11242,764,,1084,
2016-07-27,11247,765,,1084,
2016-07-28,11261,765,,1084,
2016-07-29,11271,766,,1085,
2016-07-30,11280,766,,1085,
2016-07-31,11291,766,,1085,
2016-08-01,11297,766,,1085,
2016-08-02,11300,766,,1085,
2016-08-03,11306,766,,1085,
2016-08-04,11310,766,,1085,
2016-08-05,11314,766,,1085,
2016-08-06,11315,766,,1085,
2016-08-07,11318,767,,1087,
2016-08-08,11322,768,,1087,
2016-08-09,11328,768,,1088,
2016-08-10,11333,768,,1088,
2016-08-11,11334,768,,1089,
2016-08-12,11337,768,,1089,
2016-08-13,11342,768,,1089,
2016-08-14,11344,768,,1089,
2016-08-15,11351,768,,1089,
2016-08-16,11360,769,,1089,
2016-08-17,11371,771,,1089,
2016-08-18,11378,772,,1089,
2016-08-19,11387,772,,1089,
2016-08-20,11389,772,,1089,
2016-08-21,11392,772,,1089,
2016-08-22,11402,772,,1089,
2016-08-23,11410,772,,1089,
2016-08-24,11420,773,,1089,
2016-08-25,11432,773,,1089,
2016-08-26,11460,773,,1090,
2016-08-27,11464,773,,1090,
2016-08-28,11471,773,,1091,
2016-08-29,11476,773,,1092,
2016-08-30,11481,774,,1092,
2016-08-31,11490,774,,1092,
2016-09-01,11501,774,,1092,
2016-09-02,11509,775,,1092,
2016-09-03,11510,776,,1092,
2016-09-04,11513,777,,1092,
2016-09-05,11518,777,,1092,
2016-09-06,11524,777,,1094,
2016-09-07,11530,777,,1094,
2016-09-08,11566,777,,1094,
2016-09-09,11578,778,,1094,
2016-09-10,11580,778,,1094,
2016-09-11,11584,778,,1094,
2016-09-12,11584,778,,1096,
2016-09-13,11600,778,,1097,
2016-09-14,11609,778,,1097,
2016-09-15,11617,778,,1097,
2016-09-16,11623,780,,1097,
2016-09-17,11624,780,,1097,
2016-09-18,11625,780,,1097,
2016-09-19,11641,780,,1097,
2016-09-20,11652,782,,1097,
2016-09-21,11671,782,,1097,
2016-09-22,11684,782,,1098,
2016-09-23,11691,782,,1098,
2016-09-24,11695,782,,1098,
2016-09-25,11709,782,,1098,
2016-09-26,11721,783,,1098,
2016-09-27,11732,783,,1099,
2016-09-28,11741,783,,1100,
2016-09-29,11759,783,,1101,
2016-09-30,11774,783,,1101,
2016-10-01,11779,783,,1101,
2016-10-02,11783,783,,1101,
2016-10-03,11788,783,,1101,
2016-10-04,11813,783,,1101,
2016-10-05,11821,783,,1101,
2016-10-06,11825,783,,1101,
2016-10-07,11825,783,,1101,
2016-10-08,11829,783,,1102,
2016-10-09,11829,783,,1102,
2016-10-10,11833,783,,1102,
2016-10-11,11835,783,,1103,
2016-10-12,11835,783,,1104,
2016-10-13,11842,783,,1104,
2016-10-14,11844,784,,1104,
2016-10-15,11851,784,,1104,
2016-10-16,11859,784,,1104,
2016-10-17,11882,784,,1104,
2016-10-18,11909,785,,1104,
2016-10-19,11930,785,,1104,
2016-10-20,11939,785,,1104,
2016-10-21,11947,786,,1104,
2016-10-22,11951,786,,1104,
2016-10-23,11951,786,,1104,
2016-10-24,11961,786,,1104,
2016-10-25,11970,786,,1105,
2016-10-26,11974,786,,1106,
2016-10-27,11982,786,,1107,
2016-10-28,11989,788,,1107,
2016-10-29,11989,788,,1107,
2016-10-30,11992,788,,1107,
2016-10-31,12006,788,,1107,
2016-11-01,12008,788,,1108,
2016-11-02,12034,788,,1108,
2016-11-03,12054,789,,1109,
2016-11-04,12060,789,,1109,
2016-11-05,12060,789,,1110,
2016-11-06,12062,789,,1111,
2016-11-07,12102,790,,1111,
2016-11-08,12113,791,,1111,
2016-11-09,12132,791,,1112,
2016-11-10,12141,791,,1112,
2016-11-11,12153,791,,1112,
2016-11-12,12157,791,,1112,
2016-11-13,12159,791,,1113,
2016-11-14,12167,791,,1113,
2016-11-15,12175,791,,1113,
2016-11-16,12182,791,,1114,
2016-11-17,12188,791,,1116,
2016-11-18,12193,791,,1116,
2016-11-19,12195,791,,1116,
2016-11-20,12200,792,,1116,
2016-11-21,12208,792,,1116,
2016-11-22,12218,792,,1119,
2016-11-23,12235,792,,1121,
2016-11-24,12248,793,,1121,
2016-11-25,12257,793,,1123,
2016-11-26,12263,793,,1124,
2016-11-27,12268,793,,1124,
2016-11-28,12270,793,,1124,
2016-11-29,12280,794,,1124,
2016-11-30,12284,794,,1124,
2016-12-01,12296,794,,1125,
2016-12-02,12314,794,,1125,
2016-12-03,12326,794,,1125,
2016-12-04,12337,794,,1125,
2016-12-05,12354,794,,1125,
2016-12-06,12364,794,,1126,
2016-12-07,12368,794,,1126,
2016-12-08,12381,796,,1126,
2016-12-09,12389,796,,1126,
2016-12-10,12394,796,,1126,
2016-12-11,12395,796,,1126,
2016-12-12,12403,796,,1126,
2016-12-13,12414,796,,1127,
2016-12-14,12424,798,,1129,
2016-12-15,12441,798,,1129,
2016-12-16,12445,798,,1129,
2016-12-17,12446,798,,1130,
2016-12-18,12446,798,,1130,
2016-12-19,12453,798,,1130,
2016-12-20,12461,798,,1131,
2016-12-21,12472,798,,1131,
2016-12-22,12481,799,,1131,
2016-12-23,12487,799,,1131,
2016-12-24,12493,799,,1131,
2016-12-25,12493,799,,1131,
2016-12-26,12495,799,,1131,
2016-12-27,12501,799,,1132,
2016-12-28,12502,801,,1132,
2016-12-29,12518,803,,1133,
2016-12-30,12523,804,,1133,
2016-12-31,12524,804,,1134,
2017-01-01,12525,805,,1135,
2017-01-02,12528,805,,1136,
2017-01-03,12544,805,,1136,
2017-01-04,12592,805,,1136,
2017-01-05,12628,806,,1137,
2017-01-06,12633,807,,1139,
2017-01-07,12636,807,,1139,
2017-01-08,12636,807,,1140,
2017-01-09,12644,808,,1143,
2017-01-10,12664,810,,1146,
2017-01-11,12685,812,,1147,
2017-01-12,12711,813,,1149,
2017-01-13,12730,813,,1151,
2017-01-14,12741,814,,1151,
2017-01-15,12748,814,,1152,
2017-01-16,12753,815,,1153,
2017-01-17,12759,816,,1155,
2017-01-18,12764,817,,1155,
2017-01-19,12785,819,,1156,
2017-01-20,12800,820,,1156,
2017-01-21,12801,820,,1156,
2017-01-22,12804,820,,1156,
2017-01-23,12815,820,,1156,
2017-01-24,12823,820,,1156,
2017-01-25,12831,820,,1156,
2017-01-26,12844,820,,1156,
2017-01-27,12848,820,,1156,
2017-01-28,12853,821,,1156,
2017-01-29,12855,821,,1156,
2017-01-30,12863,821,,1156,
2017-01-31,12867,822,,1157,
2017-02-01,12875,823,,1158,
2017-02-02,12894,823,,1159,
2017-02-03,12897,823,,1160,
2017-02-04,12901,823,,1160,
2017-02-05,12904,824,,1160,
2017-02-06,12917,824,,1160,
2017-02-07,12926,824,,1161,
2017-02-08,12937,824,,1161,
2017-02-09,12945,826,,1161,
2017-02-10,12971,826,,1161,
2017-02-11,12973,827,,1161,
2017-02-12,12974,827,,1163,
2017-02-13,12983,827,,1164,
2017-02-14,12990,828,,1165,
2017-02-15,12999,828,,1165,
2017-02-16,13013,828,,1166,
2017-02-17,13031,828,,1168,
2017-02-18,13037,828,,1168,
2017-02-19,13041,829,,1170,
2017-02-20,13052,829,,1170,
2017-02-21,13065,830,,1170,
2017-02-22,13080,830,,1172,
2017-02-23,13097,830,,1174,
2017-02-24,13103,831,,1174,
2017-02-25,13105,831,,1175,
2017-02-26,13106,832,,1175,
2017-02-27,13133,832,,1175,
2017-02-28,13148,833,,1175,
2017-03-01,13160,834,,1176,
2017-03-02,13166,834,,1176,
2017-03-03,13190,834,,1177,
2017-03-04,13193,835,,1177,
2017-03-05,13198,835,,1178,
2017-03-06,13219,835,,1178,
2017-03-07,13234,835,,1178,
2017-03-08,13248,835,,1178,
2017-03-09,13274,835,,1178,
2017-03-10,13281,835,,1178,
2017-03-11,13284,835,,1178,
2017-03-12,13286,835,,1178,
2017-03-13,13293,835,,1178,
2017-03-14,13304,835,,1179,
2017-03-15,13311,835,,1180,
2017-03-16,13321,836,,1180,
2017-03-17,13330,836,,1180,
2017-03-18,13338,837,,1180,
2017-03-19,13343,837,,1180,
2017-03-20,13357,837,,1180,
2017-03-21,13366,837,,1180,
2017-03-22,13376,837,,1180,
2017-03-23,13384,837,,1180,
2017-03-24,13412,838,,1182,
2017-03-25,13419,840,,1182,
2017-03-26,13424,841,,1182,
2017-03-27,13440,841,,1182,
2017-03-28,13452,841,,1183,
2017-03-29,13468,841,,1183,
2017-03-30,13481,842,,1184,
2017-03-31,13491,842,,1184,
2017-04-01,13494,842,,1185,
2017-04-02,13513,842,,1186,
2017-04-03,13529,843,,1186,
2017-04-04,13537,843,,1187,
2017-04-05,13547,844,,1188,
2017-04-06,13553,844,,1190,
2017-04-07,13574,845,,1191,
2017-04-08,13577,845,,1192,
2017-04-09,13577,845,,1194,
2017-04-10,13603,847,,1199,
2017-04-11,13607,848,,1201,
2017-04-12,13611,848,,1203,
2017-04-13,13628,849,,1203,
2017-04-14,13633,850,,1203,
2017-04-15,13633,850,,1203,
2017-04-16,13633,850,,1203,
2017-04-17,13646,852,,1204,
2017-04-18,13655,852,,1204,
2017-04-19,13669,852,,1206,
2017-04-20,13689,855,,1207,
2017-04-21,13705,857,,1207,
2017-04-22,13707,861,,1208,
2017-04-23,13713,862,,1210,
2017-04-24,13716,862,,1213,
2017-04-25,13727,864,,1216,
2017-04-26,13739,865,,1216,
2017-04-27,13742,865,,1218,
2017-04-28,13749,866,,1221,
2017-04-29,13750,867,,1224,
2017-04-30,13751,867,,1224,
2017-05-01,13763,867,,1225,
2017-05-02,13784,867,,1227,
2017-05-03,13811,867,,1228,
2017-05-04,13819,868,,1236,
2017-05-05,13829,868,,1241,
2017-05-06,13836,869,,1243,
2017-05-07,13840,870,,1243,
2017-05-08,13848,870,,1245,
2017-05-09,13865,871,,1247,
2017-05-10,13882,871,,1252,
2017-05-11,13895,872,,1260,
2017-05-12,13897,874,,1261,
2017-05-13,13898,874,,1266,
2017-05-14,13900,875,,1269,
2017-05-15,13907,875,,1271,
2017-05-16,13916,876,,1273,
2017-05-17,13938,876,,1278,
2017-05-18,13950,876,,1281,
2017-05-19,13957,876,,1283,
2017-05-20,13957,877,,1285,
2017-05-21,13957,878,,1290,
2017-05-22,13965,882,,1294,
2017-05-23,13977,885,,1297,
2017-05-24,13982,888,,1300,
2017-05-25,13986,893,,1305,
2017-05-26,13998,894,,1307,
2017-05-27,14000,894,,1311,
2017-05-28,14001,896,,1313,
2017-05-29,14002,897,,1314,
2017-05-30,14009,900,,1318,
2017-05-31,14019,900,,1322,
2017-06-01,14057,900,,1325,
2017-06-02,14064,902,,1332,
2017-06-03,14067,904,,1335,
2017-06-04,14069,905,,1338,
2017-06-05,14108,907,,1343,
2017-06-06,14133,908,,1348,
2017-06-07,14153,909,,1349,
2017-06-08,14168,912,,1353,
2017-06-09,14181,914,,1356,
2017-06-10,14185,915,,1359,
2017-06-11,14192,916,,1363,
2017-06-12,14207,916,,1366,
2017-06-13,14214,916,,1369,
2017-06-14,14228,917,,1372,
2017-06-15,14234,919,,1376,
2017-06-16,14239,920,,1385,
2017-06-17,14240,923,,1389,
2017-06-18,14245,926,,1393,
2017-06-19,14248,927,,1403,
2017-06-20,14251,931,,1405,
2017-06-21,14256,933,,1411,
2017-06-22,14282,934,,1417,
2017-06-23,14285,936,,1421,
2017-06-24,14293,938,,1424,
2017-06-25,14295,940,,1429,
2017-06-26,14305,943,,1432,
2017-06-27,14331,945,,1437,
2017-06-28,14340,948,,1445,
2017-06-29,14360,950,,1449,
2017-06-30,14363,951,,1452,
2017-07-01,14363,951,,1454,
2017-07-02,14366,953,,1454,
2017-07-03,14370,953,,1458,
2017-07-04,14375,953,,1461,
2017-07-05,14379,956,,1465,
2017-07-06,14385,958,,1470,
2017-07-07,14399,959,,1477,
2017-07-08,14413,959,,1480,
2017-07-09,14414,960,,1483,
2017-07-10,14417,963,,1486,
2017-07-11,14433,965,,1487,
2017-07-12,14440,968,,1491,
2017-07-13,14449,970,,1495,
2017-07-14,14455,973,,1497,
2017-07-15,14483,975,,1501,
2017-07-16,14494,977,,1505,
2017-07-17,14525,979,,1510,
2017-07-18,14535,980,,1512,
2017-07-19,14541,982,,1519,
2017-07-20,14558,982,,1521,
2017-07-21,14563,984,,1522,
2017-07-22,14566,984,,1523,
2017-07-23,14567,984,,1524,
2017-07-24,14570,987,,1526,
2017-07-25,14581,990,,1530,
2017-07-26,14590,990,,1536,
2017-07-27,14600,992,,1537,
2017-07-28,14608,994,,1543,
2017-07-29,14608,995,,1546,
2017-07-30,14609,996,,1548,
2017-07-31,14614,996,,1552,
2017-08-01,14623,997,,1557,
2017-08-02,14630,999,,1561,
2017-08-03,14634,1001,,1562,
2017-08-04,14638,1002,,1567,
2017-08-05,14644,1006,,1571,
2017-08-06,14645,1009,,1573,
2017-08-07,14659,1011,,1576,
2017-08-08,14664,1012,,1581,
2017-08-09,14669,1014,,1583,
2017-08-10,14674,1015,,1588,
2017-08-11,14679,1018,,1592,
2017-08-12,14683,1019,,1593,
2017-08-13,14684,1020,,1596,
2017-08-14,14694,1020,,1598,
2017-08-15,14694,1022,,1600,
2017-08-16,14694,1026,,1603,
2017-08-17,14694,1028,,1609,
2017-08-18,14697,1030,,1616,
2017-08-19,14697,1030,,1619,
2017-08-20,14697,1031,,1620,
2017-08-21,14710,1031,,1623,
2017-08-22,14710,1033,,1628,
2017-08-23,14710,1033,,1635,
2017-08-24,14710,1038,,1641,
2017-08-25,14710,1039,,1644,
2017-08-26,14710,1039,,1647,
2017-08-27,14710,1042,,1649,
2017-08-28,14717,1047,,1655,
2017-08-29,14717,1049,,1656,
2017-08-30,14717,1051,,1666,
2017-08-31,14717,1053,,1674,
2017-09-01,14718,1053,,1687,
2017-09-02,14718,1057,,1699,
2017-09-03,14718,1062,,1704,
2017-09-04,14718,1065,,1708,
2017-09-05,14718,1066,,1711,
2017-09-06,14720,1068,,1723,
2017-09-07,14722,1070,,1729,
2017-09-08,14724,1073,,1733,
2017-09-09,14724,1073,,1736,
2017-09-10,14726,1075,,1741,
2017-09-11,14726,1076,,1743,
2017-09-12,14726,1078,,1745,
2017-09-13,14726,1079,,1746,
2017-09-14,14727,1080,,1752,
2017-09-15,14732,1081,,1758,
2017-09-16,14732,1083,,1760,
2017-09-17,14732,1085,,1762,
2017-09-18,14732,1086,,1765,
2017-09-19,14732,1089,,1768,
2017-09-20,14761,1091,,1776,
2017-09-21,14761,1094,,1779,
2017-09-22,14761,1094,,1779,
2017-09-23,14761,1096,,1780,
2017-09-24,14761,1098,,1784,
2017-09-25,14761,1100,,1793,
2017-09-26,14761,1100,,1796,
2017-09-27,14762,1103,,1801,
2017-09-28,14762,1105,,1804,
2017-09-29,14762,1107,,1805,
2017-09-30,14762,1110,,1810,
2017-10-01,14762,1111,,1811,
2017-10-02,14762,1111,,1815,
2017-10-03,14762,1112,,1815,
2017-10-04,14762,1112,,1815,
2017-10-05,14762,1114,,1818,
2017-10-06,14762,1115,,1819,
2017-10-07,14762,1119,,1821,
2017-10-08,14762,1120,,1823,
2017-10-09,14762,1123,,1825,
2017-10-10,14762,1125,,1825,
2017-10-11,14762,1126,,1828,
2017-10-12,14762,1127,,1828,
2017-10-13,14762,1134,,1833,
2017-10-14,14762,1135,,1839,
2017-10-15,14762,1137,,1841,
2017-10-16,14762,1137,,1846,
2017-10-17,14762,1138,,1848,
2017-10-18,14762,1141,,1852,
2017-10-19,14762,1143,,1856,
2017-10-20,14762,1144,,1857,
2017-10-21,14762,1146,,1859,
2017-10-22,14762,1146,,1860,
2017-10-23,14762,1148,,1862,
2017-10-24,14762,1148,,1863,
2017-10-25,14762,1148,,1865,
2017-10-26,14762,1152,,1868,
2017-10-27,14762,1153,,1871,
2017-10-28,14762,1153,,1874,
2017-10-29,14762,1154,,1875,
2017-10-30,14762,1155,,1879,
2017-10-31,14762,1155,,1881,
2017-11-01,14762,1158,,1886,
2017-11-02,14762,1159,,1892,
2017-11-03,14762,1162,,1896,
2017-11-04,14762,1163,,1899,
2017-11-05,14762,1164,,1901,
2017-11-06,14762,1165,,1904,
2017-11-07,14762,1167,,1908,
2017-11-08,14762,1170,,1909,
2017-11-09,14762,1173,,1914,
2017-11-10,14762,1176,,1916,
2017-11-11,14762,1178,,1918,
2017-11-12,14762,1181,,1922,
2017-11-13,14762,1186,,1922,
2017-11-14,14762,1189,,1929,
2017-11-15,14762,1190,,1932,
2017-11-16,14762,1197,397,1939,98284
2017-11-17,14762,1197,397,1939,98284
2017-11-18,14762,1200,398,1946,98284
2017-11-19,14762,1202,399,1953,98284
2017-11-20,14762,1201,403,1957,98284
2017-11-21,14762,1200,401,1959,98284
2017-11-22,14762,1204,401,1969,98284
2017-11-23,14762,1205,401,1969,98284
2017-11-24,14762,1206,401,1970,98284
2017-11-25,14762,1212,405,1981,98284
2017-11-26,14762,1214,406,1989,98284
2017-11-27,14762,1216,407,1990,98284
2017-11-28,14762,1221,408,1997,98284
2017-11-29,14762,1228,409,2010,98284
2017-12-30,14762,1239,412,2032,98284
2017-12-01,14762,1240,412,2032,98284
2017-12-02,14762,1240,412,2032,98284
2017-12-03,14762,1241,412,2035,98284
2017-12-04,14762,1244,411,2038,98284
2017-12-05,14762,1246,413,2045,98284
2017-12-06,14762,1261,414,2053,98284
2017-12-07,14762,1262,414,2054,98284
2017-12-08,14762,1264,417,2066,98284
2017-12-09,14762,1263,420,2091,98284
2017-12-10,14762,1264,424,2115,98284
2017-12-11,14762,1282,430,2176,98284
2017-12-12,14762,1287,431,2189,98284
2017-12-13,14762,1298,439,2225,98284
2017-12-14,14762,1311,439,2239,98284
2017-12-15,14762,1321,441,2255,98284
2017-12-16,14762,1324,441,2258,98284
